,crystal_name,RealCrystalName,smiles,new_smiles,alternate_name,site_name,pdb_entry
1,Mpro-x11271_0A,Mpro-x11271,COC=1C=C(Cl)C=C(CC(=O)NC=2C=NC=CC2C)C1,,MAT-POS-c9973a83-1,Aminopyridine-like,
2,Mpro-x11041_0A,Mpro-x11041,CN(C(=O)CC=1C=CC=C(Cl)C1)C=2C=NC=CC2C,,JAN-GHE-83b26c96-15,Aminopyridine-like,
3,Mpro-x1002_0A,Mpro-x1002,OC=1C=CC=CN1,,AAR-POS-0daf6b7e-37,XChem Screen - xtal contact,5RF4
4,Mpro-x10155_0A,Mpro-x10155,CC(N1CCN(Cc2cnc(Cc3ccccc3)s2)CC1)=O,CC(N1CCN(Cc2cnc(Cc3ccccc3)s2)CC1)=O,MED-COV-4280ac29-25,Chloroacetamide,
6,Mpro-x1101_1A,Mpro-x1101,CC(C)N(C)C=1N=CN=C2N(C)N=CC12,,AAR-POS-0daf6b7e-40,XChem Screen - xtal contact,5RGR
7,Mpro-x1187_0A,Mpro-x1187,CN1C=CC(=N1)C(=O)NC[C@@H]2CCCO2,,AAR-POS-0daf6b7e-23,XChem screen - dimer interface,5RFA
8,Mpro-x10338_0A,Mpro-x10338,OCC=1C=CN=CC1NC(=O)C2COC=3C=CC(Cl)=CC23,,JAG-UCB-a3ef7265-3,Aminopyridine-like,
9,Mpro-x11894_0A,Mpro-x11894,O=CC(NC(=O)C1=CC=CS1)=CC1=CC=C(S1)N1CCOCC1,O=CC(NC(=O)C1=CC=CS1)=CC1=CC=C(S1)N1CCOCC1,MAT-POS-fa06b69f-6,Moonshot - active site,
10,Mpro-x1425_0A,Mpro-x1425,COc1ccc(cc1)N2CCN(CC2)C(=O)C,COc1ccc(cc1)N2CCN(CC2)C(=O)C,AAR-POS-0daf6b7e-18,Chloroacetamide,5RFX
11,Mpro-x0354_0A,Mpro-x0354,CN1CCN(CC1)C(=O)COC=2C=CC(C)=CC2,,AAR-POS-d2a4d1df-6,XChem Screen - active site,5RE9
12,Mpro-x3117_0A,Mpro-x3117,CCC(N(C(C(NC1CCOCC1)=O)c1cnccc1)c1ccc(C(C)(C)C)cc1)=O,CCC(N(C(C(NC1CCOCC1)=O)c1cnccc1)c1ccc(C(C)(C)C)cc1)=O,LON-WEI-adc59df6-39,Ugi,5RL3
13,Mpro-x0708_0A,Mpro-x0708,CC(=O)NNC(=O)c1cc2CCCCc2s1,CC(=O)NNC(=O)c1cc2CCCCc2s1,AAR-POS-d2a4d1df-26,Chloroacetamide,5RGM
14,Mpro-x0774_0A,Mpro-x0774,CC(=O)N1CCN(CC1)S(=O)(=O)c2ccccc2C#N,CC(=O)N1CCN(CC1)S(=O)(=O)c2ccccc2C#N,AAR-POS-d2a4d1df-37,Chloroacetamide,5REU
15,Mpro-x0426_0A,Mpro-x0426,FC=1C=CC=CC1C(=O)NCCC=2C=CN=CC2,,AAR-POS-d2a4d1df-10,XChem Screen - active site,5RGK
16,Mpro-x10555_0A,Mpro-x10555,CC=1C=CN=CC1NC(=O)C2CCC32CCC3,,MAT-POS-590ac91e-22,Aminopyridine-like,
17,Mpro-x10679_0A,Mpro-x10679,CC=1C=CN=CC1NC(=O)CN2C=CC=3C=CC(Cl)=CC23,,BAR-COM-0f94fc3d-41,Aminopyridine-like,
18,Mpro-x10566_0A,Mpro-x10566,CC=1C=CN=CC1NC(=O)CC=2C=CC=C(C2)C3CC3,,ALP-POS-95b75b4d-4,Aminopyridine-like,
19,Mpro-x1235_1A,Mpro-x1235,COC(=O)NC=1SC(C)=NC1C=2C=CC=CC2,,AAR-POS-0daf6b7e-35,XChem Screen - xtal contact,5RFC
20,Mpro-x1132_0A,Mpro-x1132,CC1CN(CCO1)C(=O)CN2C=CC=N2,,AAR-POS-0daf6b7e-38,XChem Screen - xtal contact,5RF9
21,Mpro-x10959_0A,Mpro-x10959,ClC=1C=CC=C(CC(=O)NC=2C=NC=C3C=CC=CC23)C1,,ADA-UCB-6c2cb422-1,Isoquinoline,
22,Mpro-x1308_0A,Mpro-x1308,CC(=O)N1CCN(CC1)S(=O)(=O)c2ccc(Cl)cc2,CC(=O)N1CCN(CC1)S(=O)(=O)c2ccc(Cl)cc2,AAR-POS-d2a4d1df-44,Chloroacetamide,5RFF
23,Mpro-x10889_0A,Mpro-x10889,CS(=O)(=O)NCCC(C(=O)NC=1C=CC=NC1)C=2C=CC=CC2,,ADA-UNI-f8e79267-2,Aminopyridine-like,
24,Mpro-x0104_0A,Mpro-x0104,CC(=O)NCCC1=CNC=2C=CC(F)=CC12,,AAR-POS-d2a4d1df-2,XChem Screen - active site,5R7Z
25,Mpro-x0887_0A,Mpro-x0887,OCC1(C2=NC=CC=C2)CCCC1,,AAR-POS-0daf6b7e-22,XChem screen - dimer interface,5RF0
26,Mpro-x11809_0A,Mpro-x11809,CC=1C=CN=CC1NC(=O)[C@@H]2CCOC=3C=CC(Cl)=CC23,,MAT-POS-b3e365b9-4,Aminopyridine-like,
27,Mpro-x11001_0A,Mpro-x11001,NS(=O)(=O)C1=CC2=C(NC(=O)C2O)C=C1,NS(=O)(=O)C1=CC2=C(NC(=O)C2O)C=C1,LOR-NEU-c8f11034-6,Isatin,
28,Mpro-x2754_0A,Mpro-x2754,CN(C(=O)C1CCN(CC1)C(C)=O)C1=CC=CC=C1,CN(C(=O)C1CCN(CC1)C(C)=O)C1=CC=CC=C1,LON-WEI-120e5cf5-5,Chloroacetamide,5RHF
29,Mpro-x11541_0A,Mpro-x11541,CC(=O)N1CCN(CC(=O)NC=2C=NC=C3C=CC=CC23)CC1,,ALP-POS-6747fa38-1,Isoquinoline,
30,Mpro-x0434_0A,Mpro-x0434,O=C(NC=1C=CC=CC1)NC=2C=CC=NC2,,AAR-POS-d2a4d1df-11,Aminopyridine-like,5R83
31,Mpro-x3324_0A,Mpro-x3324,CC(=O)NC(CO)C1=CC(Cl)=CC=C1,CC(=O)NC(CO)C1=CC(Cl)=CC=C1,DAV-CRI-3edb475e-4,Chloroacetamide,
32,Mpro-x1119_1A,Mpro-x1119,NC=1C=CC(=CC1)S(=O)(=O)NC=2C=CC=CN2,,AAR-POS-0daf6b7e-42,XChem Screen - xtal contact,5RF8
33,Mpro-x0464_0A,Mpro-x0464,CC1C(O)CCCN1CC=2C=CC=CC2,,MAK-UNK-6435e6c2-9,XChem screen - surface,5REE
34,Mpro-x3124_0A,Mpro-x3124,CCC(N(C(C(NC)=O)c1cnccc1)c1ccc(C(C)(C)C)cc1)=O,CCC(N(C(C(NC)=O)c1cnccc1)c1ccc(C(C)(C)C)cc1)=O,LON-WEI-adc59df6-3,Ugi,5RL4
35,Mpro-x10789_0A,Mpro-x10789,CC=1C=CN=CC1NC(=O)CC=2C=C(Cl)C=C(OC3CC(=O)N3)C2,,TRY-UNI-2eddb1ff-7,Aminopyridine-like,
36,Mpro-x0771_0A,Mpro-x0771,CC(=O)N1CCN(CC1)S(=O)(=O)c1ccc(C)cc1C,CC(=O)N1CCN(CC1)S(=O)(=O)c1ccc(C)cc1C,AAR-POS-d2a4d1df-36,Chloroacetamide,5RGP
37,Mpro-x11317_0A,Mpro-x11317,CC=1C(N)=CN=CC1NC(=O)CC=2C=CC=C(Cl)C2,,TRY-UNI-714a760b-3,Aminopyridine-like,
38,Mpro-x11612_0A,Mpro-x11612,O=C(Nc1cncc2ccccc12)[C@@H]1CCOc2ccc(Cl)cc21,,MAT-POS-b3e365b9-1,Isoquinoline,
39,Mpro-x10236_0A,Mpro-x10236,ClC=1C=CC=C(C1)N(CCC2CCCCC2)C(=O)NC=3C=CC=NC3,,JOR-UNI-2fc98d0b-12,Aminopyridine-like,
40,Mpro-x10403_0A,Mpro-x10403,O=C(NCCNC=1C=CC=CC1)C2=CC(=O)NC=3C=CC=CC23,,BEN-DND-7e92b6ca-4,Quinolone,
41,Mpro-x1375_0A,Mpro-x1375,Fc1ccc(cc1)N(C2CS(=O)(=O)C=C2)C(=O)C,Fc1ccc(cc1)N(C2CS(=O)(=O)C=C2)C(=O)C,AAR-POS-0daf6b7e-8,Chloroacetamide,5RFN
42,Mpro-x10610_0A,Mpro-x10610,CC=1C=CN=CC1NC(=O)C2(CCOC2)C#N,,MAT-POS-590ac91e-27,Aminopyridine-like,
43,Mpro-x11723_0A,Mpro-x11723,CC1=NOC(COC=2C=C(Cl)C=C(CC(=O)NC=3C=NC=CC3C)C2)=N1,,CHO-MSK-6e55470f-5,Aminopyridine-like,
44,Mpro-x10899_0A,Mpro-x10899,ClCC(=O)NC1=NC=2C(=CC=CC2S1)S(=O)(=O)NCCC=3C=CC=CC3,CC(=O)NC1=NC=2C(=CC=CC2S1)S(=O)(=O)NCCC=3C=CC=CC3,DUN-NEW-f8ce3686-23,Chloroacetamide,
45,Mpro-x1235_2A,Mpro-x1235,COC(=O)NC=1SC(C)=NC1C=2C=CC=CC2,,AAR-POS-0daf6b7e-35,XChem Screen - xtal contact,5RFC
46,Mpro-x11044_0A,Mpro-x11044,CC(C1CCCCC1)C(=O)NC=2C=NC=CC2C,,TRY-UNI-714a760b-16,Aminopyridine-like,
47,Mpro-x1392_0A,Mpro-x1392,CC(=O)N1CC(c2ccccc2)c3ccccc3C1,CC(=O)N1CC(c2ccccc2)c3ccccc3C1,AAR-POS-0daf6b7e-14,Chloroacetamide,5RFT
48,Mpro-x10942_0A,Mpro-x10942,OCC=1C=CN=CC1NC(=O)C2CCOC=3C=CC(Cl)=CC23,,LON-WEI-0a73fcb8-7,Aminopyridine-like,
49,Mpro-x11458_0A,Mpro-x11458,O=C(CC=1C=CC=C(C#C)C1)NC=2C=NC=C3C=CC=CC23,,PET-UNK-c9c1e0d8-2,Isoquinoline,
50,Mpro-x11473_0A,Mpro-x11473,CN1C=NC=C1NC(=O)CC=2C=CC=C(Cl)C2,,PET-UNK-8df914d1-4,Aminopyridine-like,
51,Mpro-x0195_0A,Mpro-x0195,CN1CCCC=2C=CC(=CC12)S(=O)(=O)N,,AAR-POS-d2a4d1df-4,XChem Screen - active site,5R81
52,Mpro-x0669_0A,Mpro-x0669,ClC=1C=CC=C(CN2CCOCC2)C1,,AAR-POS-0daf6b7e-29,XChem screen - surface,5REI
53,Mpro-x2912_0A,Mpro-x2912,CC(C(=O)NC=1C=NC=CC1C)C=2C=CC=C(C#N)C2,,TRY-UNI-714a760b-22,Aminopyridine-like,
54,Mpro-x0107_0A,Mpro-x0107,CC(=O)NC=1C=NC=CC1C,,MAK-UNK-6435e6c2-8,Aminopyridine-like,5RE4
55,Mpro-x10513_0A,Mpro-x10513,CC=1C=CC=C(C1)C2CN(CC=3C=CC=CC23)C(=O)CCl,CC=1C=CC=C(C1)C2CN(CC=3C=CC=CC23)C(=O)C,NIR-THE-c331be7a-6,Chloroacetamide,
56,Mpro-x2097_0A,Mpro-x2097,N=CC1=NC=CC=N1,N=CC1=NC=CC=N1,AAR-POS-f650c5f2-3,XChem Screen - Covalent hits,5RHB
57,Mpro-x2659_0A,Mpro-x2659,CC(C(=O)O)C=1C=CC2=C(C1)NC=3C=CC(Cl)=CC32,,MAK-UNK-0d6072ac-4,Moonshot - other,5RH4
58,Mpro-x1086_0A,Mpro-x1086,CC=1C=C(F)C=CC1CS(=O)(=O)N,,AAR-POS-0daf6b7e-46,XChem screen - dimer interface,5RGQ
59,Mpro-x11233_0A,Mpro-x11233,CC1(CCOC=2C=CC=CC21)C(=O)NC3=NN=CN3C4CC4,,BRU-THA-a358fbdd-2,Aminopyridine-like,
60,Mpro-x10355_0A,Mpro-x10355,COC=1C=CC=CC1OCCNC(=O)C2=CC(=O)NC=3C=C(F)C=CC23,,MAT-POS-590ac91e-32,Quinolone,
61,Mpro-x10334_0A,Mpro-x10334,CC=1C=CN=C(C)C1NC(=O)CC=2C=CC=C(Cl)C2,,EDJ-MED-49816e9b-2,Aminopyridine-like,
62,Mpro-x12073_0A,Mpro-x12073,C[C@@H]1COC2=C(C=C(Cl)C=C2)[C@@H]1C(=O)NC1=C2C=CC=CC2=CN=C1,,MAT-POS-8a69d52e-7,Isoquinoline,
63,Mpro-x10889_1A,Mpro-x10889,CS(=O)(=O)NCCC(C(=O)NC=1C=CC=NC1)C=2C=CC=CC2,,ADA-UNI-f8e79267-2,Aminopyridine-like,
64,Mpro-x1348_0A,Mpro-x1348,COc1cccc2sc(NC(=O)C)nc12,COc1cccc2sc(NC(=O)C)nc12,AAR-POS-0daf6b7e-4,Chloroacetamide,5RFJ
65,Mpro-x0820_0A,Mpro-x0820,CC(NC(=O)C)c1cccc2ccccc12,CC(NC(=O)C)c1cccc2ccccc12,AAR-POS-d2a4d1df-39,Chloroacetamide,5REW
66,Mpro-x1412_0A,Mpro-x1412,CC(=O)N1CCN(CC1)C(=O)c2cccs2,CC(=O)N1CCN(CC1)C(=O)c2cccs2,AAR-POS-0daf6b7e-16,Chloroacetamide,5RFV
67,Mpro-x1374_0A,Mpro-x1374,Cc1ccc(cc1)N(C2CS(=O)(=O)C=C2)C(=O)C,Cc1ccc(cc1)N(C2CS(=O)(=O)C=C2)C(=O)C,AAR-POS-0daf6b7e-7,Chloroacetamide,5RFM
68,Mpro-x0769_0A,Mpro-x0769,Fc1ccccc1S(=O)(=O)N2CCN(CC2)C(=O)C,Fc1ccccc1S(=O)(=O)N2CCN(CC2)C(=O)C,AAR-POS-d2a4d1df-34,Chloroacetamide,5RES
69,Mpro-x11186_0A,Mpro-x11186,ClC=1C=CC=2OCC(C(=O)NC3=NN=CN3C4CC4)C2C1,,NAU-LAT-8502cac5-2,Aminopyridine-like,
70,Mpro-x10638_0A,Mpro-x10638,CC=1C=CN=CC1NC(=O)CN2C(=O)COC=3C=CC(Cl)=CC23,,BAR-COM-0f94fc3d-48,Aminopyridine-like,
71,Mpro-x0736_0A,Mpro-x0736,CC(=O)N1CCN(CC1)C(=O)c1ccco1,CC(=O)N1CCN(CC1)C(=O)c1ccco1,AAR-POS-d2a4d1df-29,Chloroacetamide,5RGO
72,Mpro-x10377_0A,Mpro-x10377,CC(C(=O)NC=1C=NC=CC1N2C=CC=N2)C=3C=CC=C(Cl)C3,,JAN-GHE-83b26c96-3,Aminopyridine-like,
73,Mpro-x10049_0A,Mpro-x10049,CS(=O)(=O)NCCN1CCCC=2C=CC(=CC12)S(=O)(=O)N,,DUN-NEW-f8ce3686-14,Moonshot - active site,
74,Mpro-x11258_0A,Mpro-x11258,CCOC1=C(CN2C(=O)C(O)C3=C2C=CC(Br)=C3)C=CC=C1,CCOC1=C(CN2C(=O)C(O)C3=C2C=CC(Br)=C3)C=CC=C1,LOR-NOR-30067bb9-6,Isatin,
75,Mpro-x0398_0A,Mpro-x0398,C(CN1CCOCC1)SC=2C=CC=CC2,,AAR-POS-0daf6b7e-28,XChem screen - surface,5RED
76,Mpro-x0691_0A,Mpro-x0691,Fc1cccc(c1)S(=O)(=O)N2CCN(CC2)C(=O)C,Fc1cccc(c1)S(=O)(=O)N2CCN(CC2)C(=O)C,LON-WEI-8f408cad-4,Chloroacetamide,5REK
77,Mpro-x0770_0A,Mpro-x0770,CC(=O)N1CCN(Cc2cccc(Cl)c2)CC1,CC(=O)N1CCN(Cc2cccc(Cl)c2)CC1,MED-COV-4280ac29-15,Chloroacetamide,5RET
78,Mpro-x1418_0A,Mpro-x1418,CC(=O)N1CCN(Cc2cccs2)CC1,CC(=O)N1CCN(Cc2cccs2)CC1,LON-WEI-8f408cad-5,Chloroacetamide,5RFW
79,Mpro-x11485_0A,Mpro-x11485,CC=1C=CN=NC1NC(=O)CC=2C=CC=C(Cl)C2,,EDG-MED-0da5ad92-15,Aminopyridine-like,
80,Mpro-x11801_0A,Mpro-x11801,CC(=O)NCC=1C=C(Cl)C=C(CC(=O)NC=2C=NC=CC2C)C1,,RAL-THA-6b94ceba-5,Aminopyridine-like,
81,Mpro-x0350_0A,Mpro-x0350,FC=1C=CC=C(CNCC2=CC=CO2)C1,,AAR-POS-0daf6b7e-36,XChem Screen - xtal contact,5RE8
82,Mpro-x11346_0A,Mpro-x11346,CC=1C=C(C)C=C(CC(=O)NC2=NN=CN2C)C1,,JAG-UCB-a3ef7265-18,Aminopyridine-like,
83,Mpro-x0376_0A,Mpro-x0376,O=C(N1CCCCCC1)C=2C=CC=3OCOC3C2,,AAR-POS-0daf6b7e-43,XChem Screen - xtal contact,5REA
84,Mpro-x0478_0A,Mpro-x0478,COC(=O)C=1C=CC=C(NS(=O)(=O)C)C1,,MAK-UNK-6435e6c2-7,XChem Screen - xtal contact,5REF
85,Mpro-x12025_0A,Mpro-x12025,COC=1C=CC=CC1NC2CN(C2)C(=O)C3=CC(=O)NC=4C=CC=CC34,,ERI-UCB-a0b0dbcb-8,Quinolone,
86,Mpro-x10306_0A,Mpro-x10306,CC(C)CC1CN(CCN1CC=2C=CC=C(Cl)C2)C(=O)CCl,CC(C)CC1CN(CCN1CC=2C=CC=C(Cl)C2)C(=O)C,DAN-LON-a5fc619e-3,Chloroacetamide,
87,Mpro-x1101_0A,Mpro-x1101,CC(C)N(C)C=1N=CN=C2N(C)N=CC12,,AAR-POS-0daf6b7e-40,XChem Screen - xtal contact,5RGR
88,Mpro-x1311_0A,Mpro-x1311,CC(=O)N(C1CS(=O)(=O)C=C1)c2ccccc2,CC(=O)N(C1CS(=O)(=O)C=C1)c2ccccc2,AAR-POS-0daf6b7e-1,Chloroacetamide,5RFG
89,Mpro-x1237_0A,Mpro-x1237,CS(=O)(=O)CC1=NC=2C=CC=CC2N1,,AAR-POS-0daf6b7e-39,XChem Screen - xtal contact,5RFD
90,Mpro-x2929_0A,Mpro-x2929,NC(=O)[C@@H]1CN(Cc2cccnc2)C[C@H]1c1ccccc1,,DUN-NEW-d8381160-1,Moonshot - other,
91,Mpro-x11562_0A,Mpro-x11562,CCCCOC=1C=CC(Cl)=CC1CC(=O)NC=2C=NC=CC2C,,EDG-MED-0da5ad92-7,Aminopyridine-like,
92,Mpro-x1384_0A,Mpro-x1384,CC(=O)Nc1cccc(c1)N2CCCC2=O,CC(=O)Nc1cccc(c1)N2CCCC2=O,LON-WEI-8f408cad-1,Chloroacetamide,5RFQ
93,Mpro-x0678_0A,Mpro-x0678,O=C(CC1CCCCC1)NC=2C=CC=NC2,,ALE-HEI-f28a35b5-9,Aminopyridine-like,5R84
94,Mpro-x11212_0A,Mpro-x11212,OC1C(=O)N(CC2=NOC=N2)C2=C1C=C(Br)C=C2,OC1C(=O)N(CC2=NOC=N2)C2=C1C=C(Br)C=C2,LOR-NOR-30067bb9-18,Isatin,
95,Mpro-x10506_0A,Mpro-x10506,CC(=O)NCCC1=CNC=2C(CN3CCN(CC3)C(=O)CCl)=CC=CC12,CC(=O)NCCC1=CNC2=C1C=CC=C2CN1CCN(CC1)C(C)=O,DUN-NEW-f8ce3686-24,Chloroacetamide,
96,Mpro-x10019_0A,Mpro-x10019,CC=1C=CN=CC1NC(=O)CNC=2C=CN=C3C=CC=CC23,,GAB-REV-70cc3ca5-4,Aminopyridine-like,
97,Mpro-x10324_0A,Mpro-x10324,ClC=1C=CC=2OCCC(C(=O)NC3=NN=CN3C4CC4)C2C1,,JAG-UCB-a3ef7265-20,Aminopyridine-like,
98,Mpro-x2705_0A,Mpro-x2705,CCC(=O)N(C(C(=O)NC1=C(CC)C=CC=C1C)C1=CN=CC=C1)C1=CC(=NN1)C(C)(C)C,CCC(=O)N(C(C(=O)NC1=C(CC)C=CC=C1C)C1=CN=CC=C1)C1=CC(=NN1)C(C)(C)C,LON-WEI-b8d98729-20,Ugi,5RH7
99,Mpro-x2569_0A,Mpro-x2569,O=C(CC=1C=NC=C(C#N)C1)NC=2C=CC=NC2,,DAR-DIA-23aa0b97-17,Aminopyridine-like,5RGW
100,Mpro-x1478_0A,Mpro-x1478,CC(=O)Nc1cccnc1Cl,CC(=O)Nc1cccnc1Cl,AAR-POS-0daf6b7e-20,Chloroacetamide,5RFZ
101,Mpro-x11366_0A,Mpro-x11366,FC=1C=CC=CC1N2CCN(CC2)C(=O)C3=CC(=O)NC=4C=CC=CC34,,BEN-DND-7e92b6ca-16,Quinolone,
102,Mpro-x3303_0A,Mpro-x3303,O=C(N1CCN(CC1)C1=CC=CC=C1)C1=CC(=O)NC2=C1C=CC=C2,,MAT-POS-916a2c5a-4,Quinolone,
103,Mpro-x1235_3A,Mpro-x1235,COC(=O)NC=1SC(C)=NC1C=2C=CC=CC2,,AAR-POS-0daf6b7e-35,XChem Screen - xtal contact,5RFC
104,Mpro-x10395_0A,Mpro-x10395,CN(C)C(C(=O)NC=1C=NC=CC1C)C=2C=CC=C(Cl)C2,,JAN-GHE-83b26c96-10,Aminopyridine-like,
105,Mpro-x10473_0A,Mpro-x10473,CC(CC1CC1)C(=O)NC=2C=NC=CC2C,,MAT-POS-590ac91e-5,Aminopyridine-like,
106,Mpro-x11011_0A,Mpro-x11011,CC=1C=CN=CC1CC(=O)NC=2C=CC=C(Cl)C2,,EDJ-MED-49816e9b-1,Aminopyridine-like,
107,Mpro-x11318_0A,Mpro-x11318,CC=1C(N)=CN=CC1NC(=O)CC=2C=CC=C(C#N)C2,,TRY-UNI-714a760b-19,Aminopyridine-like,
108,Mpro-x3366_0A,Mpro-x3366,CC=1C=CN=CC1NC(=O)CC=2C=CC=3NC=NC3C2,,GAB-REV-70cc3ca5-18,Aminopyridine-like,
109,Mpro-x10898_0A,Mpro-x10898,ClC=1C=CC=2OCC[C@@H](C(=O)NC3=NN=CN3C4CC4)C2C1,,JAG-UCB-119787ef-1,Aminopyridine-like,
110,Mpro-x11013_0A,Mpro-x11013,CC=1C=NN=CC1NC(=O)CC=2C=CC=C(Cl)C2,,EDG-MED-0da5ad92-16,Aminopyridine-like,
111,Mpro-x11225_0A,Mpro-x11225,CC=1C=CN=CC1NC(=O)CC(N2CCC(O)CC2)C=3C=CSC3,,PET-SGC-a8a902d9-1,Aminopyridine-like,
112,Mpro-x10906_0A,Mpro-x10906,ClC=1C=CC=2OCC[C@H](C(=O)NC3=NN=CN3C4CC4)C2C1,,MAT-POS-968e8d9c-1,Aminopyridine-like,
113,Mpro-x0072_0A,Mpro-x0072,CS(=O)(=O)NCCC=1C=CC=CC1,,AAR-POS-d2a4d1df-1,XChem Screen - active site,5R7Y
114,Mpro-x10565_0A,Mpro-x10565,CC=1C=CN=CC1NC(=O)CC=2C=CC=C(I)C2,,JAN-GHE-83b26c96-13,Aminopyridine-like,
115,Mpro-x1336_0A,Mpro-x1336,Cc1ccc(C)c(c1)S(=O)(=O)N2CCN(CC2)C(=O)C,Cc1ccc(C)c(c1)S(=O)(=O)N2CCN(CC2)C(=O)C,WAR-XCH-79d12f6e-6,Chloroacetamide,5RFI
116,Mpro-x10476_0A,Mpro-x10476,CC=1C=CN=CC1NC(=O)C2CCC3(CC3)C2,,MAT-POS-590ac91e-21,Aminopyridine-like,
117,Mpro-x0305_0A,Mpro-x0305,CCNC=1C=CC(C#N)=CN1,,AAR-POS-d2a4d1df-5,XChem Screen - active site,5R82
118,Mpro-x2581_0A,Mpro-x2581,COC=1C=CN=C(NC(=O)CC=2C=CC=3C=CC=CC3C2)C1,,ALV-UNI-7ff1a6f9-47,Aminopyridine-like,5RGY
119,Mpro-x10834_0A,Mpro-x10834,COC=1C=CN=CC1NC(=O)C(O)C=2C=CC=C(Br)C2,,BAR-COM-0f94fc3d-23,Aminopyridine-like,
120,Mpro-x0830_0A,Mpro-x0830,CC(=O)N1CCN(Cc2cccc3ccccc23)CC1,CC(=O)N1CCN(Cc2cccc3ccccc23)CC1,MED-COV-4280ac29-31,Chloroacetamide,5REX
121,Mpro-x10387_0A,Mpro-x10387,FC=1C=C(NC(=O)CC=2C=NC=NC2)C=C(OC3CC(=O)N3)C1,,RAL-MED-2de63afb-14,Aminopyridine-like,
122,Mpro-x0161_0A,Mpro-x0161,COC(=O)C=1C=CC(=CC1)S(=O)(=O)N,,MAT-POS-7dfc56d9-1,XChem Screen - active site,5R80
123,Mpro-x10535_0A,Mpro-x10535,Cl.ClC=1C=CC=C(C1)N2C(=O)NC(C2=O)C=3C=CC=NC3,,JAN-GHE-83b26c96-18,Aminopyridine-like,
124,Mpro-x3359_0A,Mpro-x3359,CCNC(=O)C(N(C(=O)CC)C1=CC=C(C=C1)C(C)(C)C)C1=CN=CC=C1,CCNC(=O)C(N(C(=O)CC)C1=CC=C(C=C1)C(C)(C)C)C1=CN=CC=C1,LON-WEI-adc59df6-30,Ugi,5RL5
125,Mpro-x11475_0A,Mpro-x11475,CC=1C=CN=CC1N2CCN(C2=O)C=3C=CC=C(Cl)C3,,JAG-UCB-cedd89ab-1,Aminopyridine-like,
126,Mpro-x10645_0A,Mpro-x10645,CC(=O)NC=1C=CN=CC1NC(=O)C2CC=3C=CC(F)=CC23,,BAR-COM-0f94fc3d-59,Aminopyridine-like,
127,Mpro-x10728_0A,Mpro-x10728,OC1CCC(CC1)N(CC2CCCCC2)C3CCCN(C3)C(=O)CCl,OC1CCC(CC1)N(CC2CCCCC2)C3CCCN(C3)C(=O)C,WAR-XCH-72a8c209-5,Chloroacetamide,
128,Mpro-x0692_0A,Mpro-x0692,Cc1cccc(CN2CCN(CC2)C(=O)C)c1,Cc1cccc(CN2CCN(CC2)C(=O)C)c1,AAR-POS-d2a4d1df-24,Chloroacetamide,5REL
129,Mpro-x10820_0A,Mpro-x10820,CNC=1C=CC(=CC1)N(CC=2C=CSC2)C(=O)CN3N=NC=4C=CC=CC34,,ALP-POS-c59291d4-4,Benzotriazole,
130,Mpro-x1012_0A,Mpro-x1012,OC1CS(=O)(=O)C1,,AAR-POS-0daf6b7e-24,XChem screen - surface,5RF5
131,Mpro-x10494_0A,Mpro-x10494,CC=1C=CN=C(N)C1NC(=O)CC=2C=CC=C(Cl)C2,,EDG-MED-0da5ad92-18,Aminopyridine-like,
132,Mpro-x1077_0A,Mpro-x1077,N#CC=1C=CC(=CN1)N2CCCOCC2,,AAR-POS-d2a4d1df-19,XChem Screen - active site,5RF6
133,Mpro-x1493_0A,Mpro-x1493,CC(=O)N1CCN(CC1)C(=O)C,CC(=O)N1CCN(CC1)C(=O)C,AAR-POS-0daf6b7e-21,Chloroacetamide,5RG0
134,Mpro-x2764_0A,Mpro-x2764,O=C(NCC=1C=NSC1)C=2C=CC=CC2OCC#N,,BAR-COM-4e090d3a-49,Moonshot - active site,5RH8
135,Mpro-x10604_0A,Mpro-x10604,ClC=1C=CC=C(CC(=O)NN2C=NNC2=O)C1,,JAN-GHE-5a013bed-4,Aminopyridine-like,
136,Mpro-x0499_0A,Mpro-x0499,NC(=O)C=1C=CC(NC(=O)[C@@H]2CCCO2)=CC1,,AAR-POS-0daf6b7e-41,XChem Screen - xtal contact,5REG
137,Mpro-x10862_1A,Mpro-x10862,COCC(NC(=O)CC1C(=O)NC=2C=CC(F)=CC12)C=3C=CC=C(Br)C3,,BAR-COM-0f94fc3d-3,Moonshot - active site,
138,Mpro-x10862_0A,Mpro-x10862,COCC(NC(=O)CC1C(=O)NC=2C=CC(F)=CC12)C=3C=CC=C(Br)C3,,BAR-COM-0f94fc3d-3,Moonshot - active site,
139,Mpro-x10710_0A,Mpro-x10710,CC(=O)NNC(=O)C1CC2=C(CN1C(=O)CCl)C=CC=C2,CC(=O)NNC(=O)C1CC2=C(CN1C(=O)CCl)C=CC=C2,NAU-LAT-64f4b287-5,Chloroacetamide,
140,Mpro-x3333_0A,Mpro-x3333,CC(=O)N(CCC(N)=O)C1CCS(=O)(=O)C1,CC(=O)N(CCC(N)=O)C1CCS(=O)(=O)C1,DAN-PUR-6788a628-2,Chloroacetamide,
141,Mpro-x1358_0A,Mpro-x1358,Oc1ccccc1NC(=O)C2CCN(CC2)C(=O)C,Oc1ccccc1NC(=O)C2CCN(CC2)C(=O)C,AAR-POS-0daf6b7e-6,Chloroacetamide,5RFL
142,Mpro-x10787_0A,Mpro-x10787,CC=1C=CN=CC1NC(=O)C2(CC(=O)C2)C=3C=CC=C(Cl)C3,,BAR-COM-0f94fc3d-25,Aminopyridine-like,
143,Mpro-x2643_0A,Mpro-x2643,ClC1=CC=C(CC(=O)NC=2C=CC=NC2)S1,,DAR-DIA-842b4336-13,Aminopyridine-like,5RH1
144,Mpro-x10976_0A,Mpro-x10976,CC=1C=NC=C(NC(=O)CC=2C=CC=C(Cl)C2)C1,,EDG-MED-0da5ad92-12,Aminopyridine-like,
145,Mpro-x0705_0A,Mpro-x0705,CC(=O)N1CCN(CC1)C(=O)c1ccc(C)cc1,CC(=O)N1CCN(CC1)C(=O)c1ccc(C)cc1,AAR-POS-d2a4d1df-25,Chloroacetamide,5RGL
146,Mpro-x0749_0A,Mpro-x0749,CC(=O)N1CCCC(C1)c2nc3ccccc3s2,CC(=O)N1CCCC(C1)c2nc3ccccc3s2,AAR-POS-d2a4d1df-30,Chloroacetamide,5REN
147,Mpro-x0874_0A,Mpro-x0874,O=C([C@@H]1[C@H](C2=CSC=C2)CCC1)N,,AAR-POS-d2a4d1df-14,XChem Screen - active site,5REZ
148,Mpro-x10876_0A,Mpro-x10876,CN(C)C1=CC=C(C=C1)N(CC1=CSC=C1)C(=O)CN1N=NC2=C1C=CC=C2,,ALP-POS-d2866bdf-1,Benzotriazole,
149,Mpro-x2052_0A,Mpro-x2052,COC1=CC=C(NC(=O)C2CCN(CC2)C(C)=O)C=N1,COC1=CC=C(NC(=O)C2CCN(CC2)C(C)=O)C=N1,AAR-POS-5507155c-2,Chloroacetamide,5RHE
150,Mpro-x2119_0A,Mpro-x2119,N=CC1=NC=CN1,N=CC1=NC=CN1,AAR-POS-f650c5f2-2,XChem Screen - Covalent hits,5RHC
151,Mpro-x2703_0A,Mpro-x2703,CCC(=O)N(C(C(=O)NC1=C(CC)C=CC=C1C)C1=CN=CC=C1)C1=CN=C(C=C1)C(C)C,CCC(=O)N(C(C(=O)NC1=C(CC)C=CC=C1C)C1=CN=CC=C1)C1=CN=C(C=C1)C(C)C,LON-WEI-b8d98729-18,Ugi,5RH6
152,Mpro-x3298_0A,Mpro-x3298,OC(C(=O)NC=1C=CC=CC1NS(=O)(=O)C=2C=CC(F)=CC2)C=3C=CC=NC3,,BAR-COM-4e090d3a-57,Aminopyridine-like,
153,Mpro-x3113_0A,Mpro-x3113,CCC(N(C(C(NCCCOC)=O)c1cnccc1)c1ccc(C(C)(C)C)cc1)=O,CCC(N(C(C(NCCCOC)=O)c1cnccc1)c1ccc(C(C)(C)C)cc1)=O,LON-WEI-adc59df6-27,Ugi,5RL1
154,Mpro-x3351_1A,Mpro-x3351,CNCC1=CNC=2C=CC(F)=CC12,,DAR-DIA-eace69ff-36,Moonshot - other,
155,Mpro-x10150_0A,Mpro-x10150,CC(N1CCN(CCNC(c2cccc3ccccc23)=O)CC1)=O,CC(N1CCN(CCNC(c2cccc3ccccc23)=O)CC1)=O,STE-KUL-2e0d2e88-2,Chloroacetamide,
156,Mpro-x10900_0A,Mpro-x10900,CC(C(=O)NC=1C=NC=CC1C)C=2C=NC=C(Cl)C2,,TRY-UNI-2eddb1ff-3,Aminopyridine-like,
157,Mpro-x10488_0A,Mpro-x10488,O=C(CC=1C=CC=NC1)N2CCCC2C3=NOC(=N3)C4CC4,,JAG-UCB-cedd89ab-4,Aminopyridine-like,
158,Mpro-x10870_0A,Mpro-x10870,O=C(CN1N=NC=2C=CC=CC12)N(CC=3C=CSC3)C=4C=CC(NC(=O)C5CC5)=CC4,,ALP-POS-c59291d4-3,Benzotriazole,
159,Mpro-x1458_0A,Mpro-x1458,CC(C)N(C)C(=O)C1CCN(CC1)C(=O)C,CC(C)N(C)C(=O)C1CCN(CC1)C(=O)C,VIR-GIT-7b3d3065-3,Chloroacetamide,5RFY
160,Mpro-x2646_0A,Mpro-x2646,CC=1C=CN=CC1NC(=O)CC=2C=CC=C(Cl)C2,,TRY-UNI-714a760b-6,Aminopyridine-like,5RH2
161,Mpro-x10314_0A,Mpro-x10314,CC=1C=CN=CC1NC(=O)CC=2C=NC=C(C#N)C2,,TRY-UNI-2eddb1ff-1,Aminopyridine-like,
162,Mpro-x0425_0A,Mpro-x0425,C1CC2(CCN(C2)C=3C=NC=CN3)CO1,,AAR-POS-0daf6b7e-27,XChem screen - surface,5RGJ
163,Mpro-x11454_0A,Mpro-x11454,ClC=1C=CC=C(CC(=O)NC2=CN=C3C=CC=CN23)C1,,PET-UNK-8df914d1-2,Benzotriazole,
164,Mpro-x2908_0A,Mpro-x2908,CC=1C=CN=CC1NC(=O)NC=2C=CC=C(Cl)C2,,TRY-UNI-714a760b-12,Aminopyridine-like,
165,Mpro-x11587_0A,Mpro-x11587,CC1=CC(C(=O)CCl)=C(C)N1NC(=O)C2=NNC(=O)C=3C=CC=CC23,CC(=O)C1=C(C)N(NC(=O)C2=NNC(=O)C3=C2C=CC=C3)C(C)=C1,TAT-ENA-80bfd3e5-37,Chloroacetamide,
166,Mpro-x11498_0A,Mpro-x11498,ClC=1C=CC=2OCCC(C(=O)NC=3C=NC=C4C=CC=CC34)C2C1,,VLA-UCB-1dbca3b4-15,Isoquinoline,
167,Mpro-x2694_0A,Mpro-x2694,CCC(=O)N(C(C(=O)NC1=C(C)C=C(OC)C=C1)C1=CN=CC=C1)C1=NOC(=C1)C(C)(C)C,CCC(=O)N(C(C(=O)NC1=C(C)C=C(OC)C=C1)C1=CN=CC=C1)C1=NOC(=C1)C(C)(C)C,LON-WEI-b8d98729-43,Ugi,5RH5
168,Mpro-x1386_0A,Mpro-x1386,CC(=O)N1CCN(Cc2ccsc2)CC1,CC(=O)N1CCN(Cc2ccsc2)CC1,LON-WEI-8f408cad-7,Chloroacetamide,5RFS
169,Mpro-x2779_0A,Mpro-x2779,CC(=O)N1CCN(CC2=CC=CS2)CC1,CC(=O)N1CCN(CC2=CC=CS2)CC1,LON-WEI-8f408cad-5,Chloroacetamide,5RHA
170,Mpro-x0689_0A,Mpro-x0689,CC(=O)N1CCN(CC1)S(=O)(=O)c2cccs2,CC(=O)N1CCN(CC1)S(=O)(=O)c2cccs2,LON-WEI-8f408cad-3,Chloroacetamide,5REJ
171,Mpro-x10700_0A,Mpro-x10700,COC=1C=CC=CC1OCCNC(=O)C=2C=CNC(=O)C2,,BEN-DND-7e92b6ca-1,Quinolone,
172,Mpro-x3110_0A,Mpro-x3110,CCC(N(C(C(NCCC(OCC)=O)=O)c1cnccc1)c1ccc(C(C)(C)C)cc1)=O,CCC(N(C(C(NCCC(OCC)=O)=O)c1cnccc1)c1ccc(C(C)(C)C)cc1)=O,LON-WEI-adc59df6-2,Ugi,5RL0
173,Mpro-x10888_0A,Mpro-x10888,CCC(O)(C(=O)NC=1C=NC=CC1C)C=2C=CC=C(Cl)C2,,BAR-COM-0f94fc3d-38,Aminopyridine-like,
174,Mpro-x11642_0A,Mpro-x11642,COC=1C=CC=C(OC=2C=C(Cl)C=C(NC(=O)CC=3C=NC=C4C=CC=CC34)C2)N1,,MAT-POS-6344a35d-1,Isoquinoline,
175,Mpro-x11493_0A,Mpro-x11493,ClC=1C=CC=C(CC(=O)NC=2N=CN3C=CC=CC23)C1,,EDJ-MED-50fe53e8-3,Benzotriazole,
176,Mpro-x1249_0A,Mpro-x1249,O=C(NCC=1C=CC(C#N)=CC1)N2CCOCC2,,AAR-POS-d2a4d1df-21,XChem Screen - active site,5RFE
177,Mpro-x2971_0A,Mpro-x2971,CS(=O)(=O)NCCC1CCCCN1CC(=O)NC=2C=CC=NC2,,BEN-DND-362d364a-10,Aminopyridine-like,
178,Mpro-x11159_0A,Mpro-x11159,O=C(NC1=NN=CN1C2CC2)C3CCOC=4C=CC=CC34,,EDJ-MED-0e996074-1,Aminopyridine-like,
179,Mpro-x10723_0A,Mpro-x10723,CC=1C=CN=CC1NC(=O)CC=2C=NC=C(Cl)C2,,TRY-UNI-2eddb1ff-2,Aminopyridine-like,
180,Mpro-x10417_0A,Mpro-x10417,CC=1C=CN=CC1NC(=O)CC=2C=CC=C(F)C2,,ALP-POS-95b75b4d-1,Aminopyridine-like,
181,Mpro-x10801_0A,Mpro-x10801,CC=1C=CN=CC1NC(=O)CC2CC3(CC3)C2,,MAT-POS-590ac91e-24,Aminopyridine-like,
182,Mpro-x11424_0A,Mpro-x11424,ClC=1C=CC=C(CC(=O)NC=2C=CC=C3NN=CC23)C1,,VLA-UCB-00f2c2b3-7,Benzotriazole,
183,Mpro-x11231_0A,Mpro-x11231,ClC=1C=CC=2OCC(C(=O)NC3=NN=CN3C=4C=CC=CC4)C2C1,,NAU-LAT-8502cac5-6,Aminopyridine-like,
184,Mpro-x0755_1A,Mpro-x0755,Fc1cccc(F)c1S(=O)(=O)N2CCN(CC2)C(=O)C,Fc1cccc(F)c1S(=O)(=O)N2CCN(CC2)C(=O)C,LON-WEI-8f408cad-2,Chloroacetamide,5REP
185,Mpro-x0991_0A,Mpro-x0991,CCC(=N)N,CCC(=N)N,AAR-POS-d2a4d1df-17,XChem Screen - active site,5RF2
187,Mpro-x10359_0A,Mpro-x10359,CC=1C=CN=CC1NC(=O)CC=2C=CC=C(O)C2,,ALP-POS-95b75b4d-2,Aminopyridine-like,
188,Mpro-x2193_0A,Mpro-x2193,CS(=O)(=O)c1ccc(cc1)N1CCNCC1,,AAR-POS-5507155c-1,XChem Screen - active site,5RHD
189,Mpro-x10559_0A,Mpro-x10559,CC=1C=CN=CC1NC(=O)C2CC(C2)C3CC3,,MAT-POS-590ac91e-18,Aminopyridine-like,
190,Mpro-x0995_0A,Mpro-x0995,NC=1C=NC=NC1,,AAR-POS-d2a4d1df-18,XChem Screen - active site,5RF3
191,Mpro-x10423_0A,Mpro-x10423,CCCC(C(=O)NC=1C=NC=CC1C)C=2C=CC=C(Cl)C2,,JAN-GHE-83b26c96-8,Aminopyridine-like,
192,Mpro-x3305_0A,Mpro-x3305,CN1C=C(CNC(=O)N(CCC=2C=CC=CC2)CC=3C=CC=NC3)N=N1,,BAR-COM-4e090d3a-47,Moonshot - active site,
193,Mpro-x11428_0A,Mpro-x11428,CC=1C=CN=CC1NC(=O)CN2CCCCC2,,BEN-DND-93268d01-11,Aminopyridine-like,
194,Mpro-x2600_0A,Mpro-x2600,O=C(CC=1C=CC=C(C#N)C1)NC=2C=CC=NC2,,ANN-UNI-26382800-5,Aminopyridine-like,5RGZ
195,Mpro-x2964_0A,Mpro-x2964,NC=1C=NC=C(NC(=O)NC=2C=CC=C(Cl)C2)C1,,DAR-DIA-23aa0b97-13,Aminopyridine-like,
196,Mpro-x2563_0A,Mpro-x2563,O=C(CC=1C=NC=C2C=CC=CC12)NC=3C=CC=CC3,,DAR-DIA-23aa0b97-20,Isoquinoline,5RGV
197,Mpro-x0336_0A,Mpro-x0336,CC(=O)NCC=1C=CC(=CC1)S(=O)(=O)N,,AAR-POS-0daf6b7e-45,XChem Screen - xtal contact,5RE7
198,Mpro-x10172_0A,Mpro-x10172,CC(c1cc(Cl)cc(F)c1)NC(C)=O,CC(c1cc(Cl)cc(F)c1)NC(C)=O,DAV-CRI-3edb475e-6,Chloroacetamide,
199,Mpro-x11208_0A,Mpro-x11208,CC1=CC(COC(=O)C2=C3NC(=O)C(O)C3=CC=C2)=CC=C1,CC1=CC(COC(=O)C2=C3NC(=O)C(O)C3=CC=C2)=CC=C1,LOR-NOR-30067bb9-2,Isatin,
200,Mpro-x11432_0A,Mpro-x11432,CN(CC=1C=CC=C(Cl)C1)C(=O)CN2N=NC=3C=CC=CC23,,EDJ-MED-06d94977-2,Benzotriazole,
201,Mpro-x10392_0A,Mpro-x10392,CC=1C=CN=CC1NC(=O)C2(CC2)C=3C=CC=C(Cl)C3,,JAN-GHE-83b26c96-20,Aminopyridine-like,
202,Mpro-x0752_0A,Mpro-x0752,CC(=O)NCc1ccc2OCOc2c1,CC(=O)NCc1ccc2OCOc2c1,AAR-POS-d2a4d1df-31,Chloroacetamide,5REO
203,Mpro-x1226_0A,Mpro-x1226,CCNCC1=CN(C)N=N1,,AAR-POS-0daf6b7e-34,XChem Screen - xtal contact,5RFB
204,Mpro-x10247_0A,Mpro-x10247,CC=1C=CN=CC1NC(=O)CC=2C=CC=C(C2)C(F)(F)F,,JAN-GHE-83b26c96-14,Aminopyridine-like,
205,Mpro-x0786_0A,Mpro-x0786,CC(=O)Nc1cccc(c1)C(=O)N1CCSCC1,CC(=O)Nc1cccc(c1)C(=O)N1CCSCC1,AAR-POS-d2a4d1df-38,Chloroacetamide,5REV
206,Mpro-x3305_1A,Mpro-x3305,CN1C=C(CNC(=O)N(CCC=2C=CC=CC2)CC=3C=CC=NC3)N=N1,,BAR-COM-4e090d3a-47,Moonshot - active site,
207,Mpro-x10419_0A,Mpro-x10419,COC=1C=CC=CC1OCCN(C)C(=O)C2=CC(=O)NC=3C=CC=CC23,,BEN-DND-7e92b6ca-2,Quinolone,
208,Mpro-x0731_0A,Mpro-x0731,CC(=O)N1CCN(CC1)S(=O)(=O)c1ccc(C)cc1,CC(=O)N1CCN(CC1)S(=O)(=O)c1ccc(C)cc1,AAR-POS-d2a4d1df-27,Chloroacetamide,5RGN
209,Mpro-x0769_1A,Mpro-x0769,Fc1ccccc1S(=O)(=O)N2CCN(CC2)C(=O)C,Fc1ccccc1S(=O)(=O)N2CCN(CC2)C(=O)C,AAR-POS-d2a4d1df-34,Chloroacetamide,5RES
210,Mpro-x10201_0A,Mpro-x10201,ClC=1C=CC=C(CC(=O)NC=2C=CC=NC2)C1,,EDG-MED-0da5ad92-2,Aminopyridine-like,
211,Mpro-x0390_0A,Mpro-x0390,OC=1C=CC=CC1CNC2=NC=3C=CC=CC3N2,,AAR-POS-0daf6b7e-25,XChem screen - surface,5REC
212,Mpro-x10756_0A,Mpro-x10756,CC=1C=CN=CC1NC(=O)CC=2C=CC=C(OC3CC(=O)N3)C2,,BRU-LEF-c49414a7-1,Aminopyridine-like,
213,Mpro-x3108_0A,Mpro-x3108,CC=1C=CN=CC1NC(=O)CNC(=O)CC=2C=CC=NC2,,GAB-REV-70cc3ca5-13,Aminopyridine-like,
214,Mpro-x10082_0A,Mpro-x10082,CCC(N(C(C(NC(C)(C)C)=O)c1cnccc1)c1ccc(CCC#N)cc1)=O,CC(C)(C)NC(=O)C(Nc1ccc(CCC#N)cc1)c1cccnc1,MAT-POS-c0143b99-1,Ugi,
215,Mpro-x1385_0A,Mpro-x1385,CC(=O)N1CCN(Cc2ccc(Br)s2)CC1,CC(=O)N1CCN(Cc2ccc(Br)s2)CC1,JOH-UNI-27ac80fd-23,Chloroacetamide,5RFR
216,Mpro-x11368_0A,Mpro-x11368,CC=1C=CN=CC1NC(=O)CC=2C=CC=C(Br)C2,,JAN-GHE-83b26c96-12,Aminopyridine-like,
217,Mpro-x10022_0A,Mpro-x10022,C=C(C(=O)NC=1C=CC=CC1)C=2C=CC=NC2,,BEN-DND-031a96cc-8,Aminopyridine-like,
218,Mpro-x10525_0A,Mpro-x10525,COC=1C=CC=CC1OC(C)CNC(=O)C2=CC(=O)NC=3C=CC(F)=CC23,,MAT-POS-590ac91e-39,Quinolone,
219,Mpro-x10329_0A,Mpro-x10329,CCC(C(=O)NC=1C=NN=CC1C)C=2C=CC=C(Cl)C2,,JAN-GHE-83b26c96-1,Aminopyridine-like,
220,Mpro-x0177_0A,Mpro-x0177,NC(=O)C1CCN(CC1)C(=O)NC=2C=CC=CC2,,AAR-POS-0daf6b7e-32,XChem Screen - xtal contact,5RE5
221,Mpro-x3080_0A,Mpro-x3080,CN(CC(=O)NC=1C=NC=CC1C)S(=O)(=O)C=2C=CC=C3C=CC=NC23,,GAB-REV-70cc3ca5-8,Aminopyridine-like,
222,Mpro-x10484_0A,Mpro-x10484,CC=1C=CN=CC1NC(=O)CC(C)(C)C=2C=CC=CC2,,BEN-DND-93268d01-13,Aminopyridine-like,
223,Mpro-x11313_0A,Mpro-x11313,COC=1C=CC=CC1OCCNC(=O)C2=CC(=O)NC=3C=CC=C(C)C23,,EDJ-MED-6af13d92-1,Quinolone,
224,Mpro-x3077_0A,Mpro-x3077,CC(=O)N1CC2CC1CN2CC1=CC(Cl)=CC=C1,CC(=O)N1CC2CC1CN2CC1=CC(Cl)=CC=C1,DAN-LON-a5fc619e-8,Chloroacetamide,
225,Mpro-x10606_0A,Mpro-x10606,CC=1C=CN=CC1NS(=O)(=O)C=2C=CC=C(Cl)C2,,JAN-GHE-83b26c96-21,Aminopyridine-like,
226,Mpro-x1093_0A,Mpro-x1093,CN1CCN(CC1)C(=O)CC1=CNC2=NC=CC=C12,,AAR-POS-d2a4d1df-20,XChem Screen - active site,5RF7
227,Mpro-x2572_0A,Mpro-x2572,CC=1C=CN=CC1NC(=O)CC=2C=CC=C(C#N)C2,,TRY-UNI-714a760b-20,Aminopyridine-like,5RGX
228,Mpro-x0946_0A,Mpro-x0946,BrC1=CC=C(S(N)(=O)=O)C=C1,,AAR-POS-d2a4d1df-15,XChem Screen - active site,5RF1
229,Mpro-x11417_0A,Mpro-x11417,CC(=O)N1CCN(CC(=O)NC=2C=NC=CC2C)CC1,,BEN-DND-93268d01-8,Aminopyridine-like,
230,Mpro-x11254_0A,Mpro-x11254,COC1=C(OC)C=C(CN2C(=O)C(O)C3=C2C(C)=CC(Br)=C3)C=C1,COC1=C(OC)C=C(CN2C(=O)C(O)C3=C2C(C)=CC(Br)=C3)C=C1,LOR-NOR-30067bb9-7,Isatin,
231,Mpro-x2776_0A,Mpro-x2776,CCC(=O)N(C(C(=O)NC1=C(C)C=C(OC)C=C1)C1=CN=CC=C1)C1=CC=C(C=C1)C(C)OC,CCC(=O)N(C(C(=O)NC1=C(C)C=C(OC)C=C1)C1=CN=CC=C1)C1=CC=C(C=C1)C(C)OC,LON-WEI-b8d98729-8,Ugi,5RH9
232,Mpro-x11164_0A,Mpro-x11164,CN1C=CC(CN(C(=O)CC=2C=CC=NC2)C=3C=CC(=CC3)C=4C=CC=CN4)=N1,,ALP-POS-c0c213c9-14,Aminopyridine-like,
233,Mpro-x10248_0A,Mpro-x10248,CC=1C=CC(CC(=O)NC=2C=NC=CC2C)=CC1,,JAN-GHE-83b26c96-11,Aminopyridine-like,
234,Mpro-x0194_0A,Mpro-x0194,CC(=O)NC=1C=CC(OC=2N=CC=CN2)=CC1,,AAR-POS-0daf6b7e-33,XChem Screen - xtal contact,5RE6
235,Mpro-x10678_0A,Mpro-x10678,ClCC(=O)N1CC(C=2C=CC=C(C#N)C2)C=3C=CC=CC3C1,CC(=O)N1CC(C=2C=CC=C(C#N)C2)C=3C=CC=CC3C1,NIR-THE-c331be7a-2,Chloroacetamide,
236,Mpro-x0165_0A,Mpro-x0165,CN1CCN(CC1)C(=O)NC=2C=CC=CC2,,AAR-POS-0daf6b7e-44,XChem Screen - xtal contact,5RGG
237,Mpro-x11204_0A,Mpro-x11204,COC(=O)C1=C2NC(=O)C(O)C2=CC(Br)=C1,COC(=O)C1=C2NC(=O)C(O)C2=CC(Br)=C1,LOR-NOR-30067bb9-15,Isatin,
238,Mpro-x2562_0A,Mpro-x2562,O=C(CC=1C=NC=NC1)NC=2C=CC=C(OC3CC(=O)N3)C2,,BAR-COM-4e090d3a-39,Aminopyridine-like,5RGU
239,Mpro-x0967_0A,Mpro-x0967,CC(=O)NC(Cc1ccc(cc1)O)C(=O)NCC#CBr,,AAR-POS-d2a4d1df-16,XChem Screen - active site,5RG1
240,Mpro-x11431_0A,Mpro-x11431,ClC=1C=CC=C(CC(=O)NC=2C=NC=C3CCCCC23)C1,,EDJ-MED-a364e151-1,Isoquinoline,
241,Mpro-x2649_0A,Mpro-x2649,CC(C(=O)NC=1C=NC=CC1C)C=2C=CC=C(Cl)C2,,TRY-UNI-714a760b-18,Aminopyridine-like,5RH3
242,Mpro-x3325_0A,Mpro-x3325,CC(=O)N1CCN(CC#C)CC1,CC(=O)N1CCN(CC#C)CC1,TOB-UNK-c2aba166-1,Chloroacetamide,
243,Mpro-x2910_0A,Mpro-x2910,COC=1C=CC=CC1OCCNC(=O)C2=CC(=O)NC=3C=CC=CC23,,MAT-POS-916a2c5a-2,Quinolone,
244,Mpro-x0978_0A,Mpro-x0978,C[C@@H](O)[C@@H](NC(C)=O)C(=O)NCC=C,C[C@@H](O)[C@@H](NC(C)=O)C(=O)NCC=C,AAR-POS-d2a4d1df-42,XChem Screen - Covalent hits,5RG2
245,Mpro-x1351_0A,Mpro-x1351,CC(=O)N1CCC(CC1)NC(=O)c2ccccc2,CC(=O)N1CCC(CC1)NC(=O)c2ccccc2,AAR-POS-0daf6b7e-5,Chloroacetamide,5RFK
246,Mpro-x10996_0A,Mpro-x10996,ClC=1C=CC=C(NC(=O)NC=2C=CC=NC2)C1,,DAR-DIA-23aa0b97-14,Aminopyridine-like,
247,Mpro-x10422_0A,Mpro-x10422,CC=1C=CN=CC1NC(=O)C(C)(C)C=2C=CC=C(Cl)C2,,JAN-GHE-83b26c96-22,Aminopyridine-like,
248,Mpro-x10396_0A,Mpro-x10396,CC=1C=CN=CC1NC(=O)C(F)(F)C=2C=CC=C(Cl)C2,,JAN-GHE-83b26c96-23,Aminopyridine-like,
249,Mpro-x10237_0A,Mpro-x10237,ClC=1C=CC=C(C1)N(CCN2CCOCC2)C(=O)NC=3C=CC=NC3,,JOR-UNI-2fc98d0b-6,Aminopyridine-like,
250,Mpro-x0759_0A,Mpro-x0759,Fc1ccc(cc1)C2CN(CCO2)C(=O)C,Fc1ccc(cc1)C2CN(CCO2)C(=O)C,AAR-POS-d2a4d1df-33,Chloroacetamide,5RER
251,Mpro-x1382_0A,Mpro-x1382,CC(NC(=O)C)c1cccc(Cl)c1,CC(NC(=O)C)c1cccc(Cl)c1,AAR-POS-0daf6b7e-10,Chloroacetamide,5RFP
252,Mpro-x3115_0A,Mpro-x3115,CCC(N(C(C(NCCOC)=O)c1cnccc1)c1ccc(C(C)(C)C)cc1)=O,CCC(N(C(C(NCCOC)=O)c1cnccc1)c1ccc(C(C)(C)C)cc1)=O,LON-WEI-adc59df6-26,Ugi,5RL2
253,Mpro-x3348_0A,Mpro-x3348,CC(=O)N1CCN(CC1)C(C1=CC=CC=C1)C1=CC=CC=C1,CC(=O)N1CCN(CC1)C(C1=CC=CC=C1)C1=CC=CC=C1x,SIM-SYN-f15aaa3a-1,Chloroacetamide,
254,Mpro-x11294_0A,Mpro-x11294,COC=1C=CC=CC1OCCNC(=O)C2=CC(=O)NC=3C=CC=C(OC)C23,,EDJ-MED-6af13d92-3,Quinolone,
255,Mpro-x11354_0A,Mpro-x11354,CC=1C=CN=CC1CC(=O)NC=2C=CC=C3CCNCC23,,ADA-UCB-6c2cb422-3,Aminopyridine-like,
256,Mpro-x12080_0A,Mpro-x12080,COC1=CC(OC)=NC(C=N)=N1,COC1=CC(OC)=NC(C=N)=N1,AAR-RCN-748c104b-1,Moonshot - active site,
257,Mpro-x0395_0A,Mpro-x0395,CC1=NN=C(CN2CCC=C(F)C2)S1,,AAR-POS-d2a4d1df-8,XChem Screen - active site,5RGH
258,Mpro-x1402_0A,Mpro-x1402,CC(=O)N1CCN(CC1)S(=O)(=O)c2ccc(Cl)s2,CC(=O)N1CCN(CC1)S(=O)(=O)c2ccc(Cl)s2,AAR-POS-0daf6b7e-15,Chloroacetamide,5RFU
259,Mpro-x1119_0A,Mpro-x1119,NC=1C=CC(=CC1)S(=O)(=O)NC=2C=CC=CN2,,AAR-POS-0daf6b7e-42,XChem Screen - xtal contact,5RF8
260,Mpro-x0387_0A,Mpro-x0387,OC1CCN(CC=2C=CSC2)CC1,,AAR-POS-d2a4d1df-7,XChem Screen - active site,5REB
261,Mpro-x10322_0A,Mpro-x10322,CC=1C=C(NC(=O)CC=2C=NC=NC2)C=C(OC3CC(=O)N3)C1,,RAL-MED-2de63afb-2,Aminopyridine-like,
262,Mpro-x11790_0A,Mpro-x11790,CN(C)C=1C=CC(=CC1)N(CC=2C=CSC2)C(=O)CC=3C=NC=C4C=CC=CC34,,PET-UNK-1901c25b-1,Isoquinoline,
263,Mpro-x0831_0A,Mpro-x0831,Cc1ccccc1CN2CCCN(CC2)C(=O)C,Cc1ccccc1CN2CCCN(CC2)C(=O)C,AAR-POS-d2a4d1df-41,Chloroacetamide,5REY
264,Mpro-x10871_0A,Mpro-x10871,CCC(=O)NC=1C=CC(=CC1)N(CC=2C=CSC2)C(=O)CN3N=NC=4C=CC=CC34,,ALP-POS-c59291d4-2,Benzotriazole,
265,Mpro-x11372_0A,Mpro-x11372,CC(C(=O)NC=1C=NC=CC1NC(=O)C)C=2C=CC=C(Cl)C2,,JAN-GHE-83b26c96-2,Aminopyridine-like,
266,Mpro-x10995_0A,Mpro-x10995,CCC=1C=CN=CC1NC(=O)CC=2C=CC=C(N2)C(F)(F)F,,JAG-UCB-a3ef7265-23,Aminopyridine-like,
267,Mpro-x0734_0A,Mpro-x0734,[O-][N+](=O)c1ccccc1N2CCN(CC2)C(=O)C,[O-][N+](=O)c1ccccc1N2CCN(CC2)C(=O)C,AAR-POS-d2a4d1df-28,Chloroacetamide,5REM
268,Mpro-x11339_0A,Mpro-x11339,CC=1C=CN=CC1NC(=O)[C@@H]2C[C@H]2CF,,ERI-UCB-5b47150d-6,Aminopyridine-like,
269,Mpro-x12025_1A,Mpro-x12025,COC=1C=CC=CC1NC2CN(C2)C(=O)C3=CC(=O)NC=4C=CC=CC34,,ERI-UCB-a0b0dbcb-8,Quinolone,
270,Mpro-x10466_0A,Mpro-x10466,ClC=1C=CC=C(CC(=O)NN2C=NC=3C=CC=CC23)C1,,JAN-GHE-5a013bed-2,Benzotriazole,
271,Mpro-x2540_0A,Mpro-x2540,CCC(=O)N(C(C(=O)NC(C)(C)C)C1=CN=CC=C1)C1=NOC(=C1)C(C)(C)C,CCC(=O)N(C(C(=O)NC(C)(C)C)C1=CN=CC=C1)C1=NOC(=C1)C(C)(C)C,LON-WEI-b8d98729-23,Ugi,5RGT
272,Mpro-x10812_0A,Mpro-x10812,ClC=1C=NC=C(OC(=O)C=2C=CC=C3NC=CC23)C1,O=CC1=C2C=CNC2=CC=C1,ALP-POS-c59291d4-5,Moonshot - active site,
273,Mpro-x10733_0A,Mpro-x10733,CC=1C=CN=CC1NC(=O)CN2C=CC=3C=CC(F)=CC23,,BAR-COM-0f94fc3d-18,Aminopyridine-like,
274,Mpro-x11831_0A,Mpro-x11831,ClC=1C=C2CCOC2=C(CC(=O)NC=3C=NC=C4C=CC=CC34)C1,,MAT-POS-bbbbc21a-3,Isoquinoline,
275,Mpro-x11564_0A,Mpro-x11564,CC=1C=CC(=C(F)C1F)C=2C=C(Cl)C=C(CC(=O)NC=3C=NC=CC3C)C2,,MAT-POS-f42f3716-6,Aminopyridine-like,
276,Mpro-x0540_0A,Mpro-x0540,O=C(NCCC=1C=CN=CC1)NC2CCCCC2,,AAR-POS-d2a4d1df-12,XChem Screen - active site,5REH
277,Mpro-x10474_0A,Mpro-x10474,CC(C)C(C)CC(=O)NC=1C=NC=CC1C,,MAT-POS-590ac91e-11,Aminopyridine-like,
278,Mpro-x10296_0A,Mpro-x10296,CCC(N1CCN(Cc(cc2)ccc2F)CC1)=O,CCC(N1CCN(Cc(cc2)ccc2F)CC1)=O,ANT-OPE-d972fbad-1,Chloroacetamide,
279,Mpro-x11579_0A,Mpro-x11579,CSC1=C(C#N)C2(CCCCC2)C(=C(NC(=O)CCl)N1)C#N,CSC1=C(C#N)C2(CCCCC2)C(C#N)=C(NC(C)=O)N1,TAT-ENA-80bfd3e5-7,Chloroacetamide,
280,Mpro-x1235_0A,Mpro-x1235,COC(=O)NC=1SC(C)=NC1C=2C=CC=CC2,,AAR-POS-0daf6b7e-35,XChem Screen - xtal contact,5RFC
281,Mpro-x11426_0A,Mpro-x11426,OC(CC=1C=CC=C(Cl)C1)CN2C=NC=N2,,JAG-UCB-cedd89ab-2,Aminopyridine-like,
282,Mpro-x11798_0A,Mpro-x11798,CNC(=O)NC=1C=CC(=CC1)N(CC=2C=CSC2)C(=O)CN3N=NC=4C=CC=CC34,,ROB-IMP-e811baff-1,Benzotriazole,
283,Mpro-x3351_0A,Mpro-x3351,CNCC1=CNC=2C=CC(F)=CC12,,DAR-DIA-eace69ff-36,Moonshot - other,
284,Mpro-x10575_0A,Mpro-x10575,CC=1C=CN=CC1NC(=O)CC2CC3CC3C2,,MAT-POS-590ac91e-23,Aminopyridine-like,
285,Mpro-x1334_0A,Mpro-x1334,CC(=O)N1CCN(Cc2ccc(Cl)s2)CC1,CC(=O)N1CCN(Cc2ccc(Cl)s2)CC1,AAR-POS-0daf6b7e-2,Chloroacetamide,5RFH
286,Mpro-x11488_0A,Mpro-x11488,COC(=O)C(C(=O)NC=1C=NC=CC1C)C=2C=CC=C(Cl)C2,,MAT-POS-1e5f28a7-1,Aminopyridine-like,
287,Mpro-x10478_0A,Mpro-x10478,CC=1C=CN=CC1NC(=O)CC23CC3CCC2,,MAT-POS-590ac91e-25,Aminopyridine-like,
288,Mpro-x11427_0A,Mpro-x11427,CC=1C=CN=CC1NC(=O)CCC=2C=CC=C(F)C2,,BEN-DND-93268d01-5,Aminopyridine-like,
289,Mpro-x11743_0A,Mpro-x11743,CC=1C=CN=CC1NC(=O)CC=2C=C(Cl)C=C(NS(=O)(=O)N)C2,,WIL-MOD-03b86a88-6,Aminopyridine-like,
290,Mpro-x10598_0A,Mpro-x10598,CC=1C=CN=CC1NC(=O)CCC=2C=CC=CC2F,,BEN-DND-93268d01-7,Aminopyridine-like,
291,Mpro-x1334_1A,Mpro-x1334,CC(=O)N1CCN(Cc2ccc(Cl)s2)CC1,CC(=O)N1CCN(Cc2ccc(Cl)s2)CC1,AAR-POS-0daf6b7e-2,Chloroacetamide,5RFH
292,Mpro-x11797_0A,Mpro-x11797,CN(C)C=1C=CC(=CC1)N(CC2=CC=NN2)C(=O)CN3N=NC=4C=CC=CC34,,PET-UNK-7374c256-2,Benzotriazole,
293,Mpro-x2608_0A,Mpro-x2608,CC1=CC=C(NC(=O)NC=2C=CC=NC2)S1,,DAR-DIA-842b4336-3,Aminopyridine-like,5RH0
294,Mpro-x10856_0A,Mpro-x10856,COC=1C=CC(Br)=CC1C(N)C(=O)NC=2C=NC=CC2C,,BAR-COM-0f94fc3d-58,Aminopyridine-like,
295,Mpro-x10421_0A,Mpro-x10421,CNCCC(C(=O)NC=1C=CC=NC1)C=2C=CC=CC2,,ADA-UNI-f8e79267-5,Aminopyridine-like,
296,Mpro-x11025_0A,Mpro-x11025,CC=1NN=CC1NC(=O)CC=2C=CC=C(Cl)C2,,EDG-MED-0da5ad92-21,Aminopyridine-like,
297,Mpro-x1308_1A,Mpro-x1308,CC(=O)N1CCN(CC1)S(=O)(=O)c2ccc(Cl)cc2,CC(=O)N1CCN(CC1)S(=O)(=O)c2ccc(Cl)cc2,AAR-POS-d2a4d1df-44,Chloroacetamide,5RFF
298,Mpro-x10626_0A,Mpro-x10626,CC=1C=CN=CC1NC(=O)[C@H]2[C@@H]3CCCC[C@H]23,,MAT-POS-590ac91e-19,Aminopyridine-like,
299,Mpro-x10800_0A,Mpro-x10800,O=C(NC=1C=CC=NC1)NC2(CC=3C=CC=CC3)CCOCC2,,NAU-LAT-445f63e5-6,Aminopyridine-like,
300,Mpro-x10371_0A,Mpro-x10371,O=C(CC=1C=CC=NC1)NC=2C=CC=C(OC3CC(=O)N3)C2,,RAL-MED-2de63afb-1,Aminopyridine-like,
301,Mpro-x10178_0A,Mpro-x10178,O=C(CC=1C=CC=NC1)NC=2C=NC=C(C#N)C2,,DAR-DIA-23aa0b97-6,Aminopyridine-like,
302,Mpro-x11223_0A,Mpro-x11223,C[C@@H](C(O)=O)C1=C(C)C2=C(C=C1)C1=C(N2)C=CC(Cl)=C1,,MAK-UNK-0d6072ac-20,Moonshot - other,
303,Mpro-x1380_0A,Mpro-x1380,CC(=O)N1CCC(CC1)C(=O)N2CCCCC2,CC(=O)N1CCC(CC1)C(=O)N2CCCCC2,VIR-GIT-7b3d3065-2,Chloroacetamide,5RFO
304,Mpro-x0981_0A,Mpro-x0981,CC(=O)NC(CC(N)=O)C(=O)NCC=C,CC(=O)NC(CC(N)=O)C(=O)NCC=C,AAR-POS-d2a4d1df-43,XChem Screen - Covalent hits,5RG3
305,Mpro-x11499_0A,Mpro-x11499,ClC=1C=CC=C(CC(=O)NC=2C=NC=C3C=CN=CC23)C1,,MAT-POS-f7918075-5,Isoquinoline,
306,Mpro-x0397_0A,Mpro-x0397,CN(CC=1C=C(C)ON1)C(=O)NC2CC2,,AAR-POS-d2a4d1df-9,XChem Screen - active site,5RGI
307,Mpro-x0755_0A,Mpro-x0755,Fc1cccc(F)c1S(=O)(=O)N2CCN(CC2)C(=O)C,Fc1cccc(F)c1S(=O)(=O)N2CCN(CC2)C(=O)C,LON-WEI-8f408cad-2,Chloroacetamide,5REP
308,Mpro-x10327_0A,Mpro-x10327,CC(C)C(C(=O)NC=1C=NC=CC1C)C=2C=CC=C(Cl)C2,,JAN-GHE-83b26c96-9,Aminopyridine-like,
309,Mpro-x1163_0A,Mpro-x1163,OCC1CN(CC=2C=CC=CC2)CCO1,,AAR-POS-0daf6b7e-30,XChem Screen - xtal contact,5RGS
310,Mpro-x11764_0A,Mpro-x11764,CC=1C=CN=CC1NC(=O)CC=2C=C(Cl)C=C(NC3CCCC3O)C2,,MAT-POS-044491d2-1,Aminopyridine-like,
311,Mpro-x12423_0A,Mpro-x12423,CN(C)C=1C=CC(=CC1)N(CC=2C=CC=C(Cl)C2)C(=O)CN3N=NC=4C=CC=CC34,,ALP-POS-6d04362c-2,Benzotriazole,
312,Mpro-x12177_0A,Mpro-x12177,COC=1C=CC(=CC1)N(CC=2C=CC=C(Cl)C2)C(=O)CN3N=NC=4C=CC=CC34,,CHO-MSK-00c5269a-2,Benzotriazole,
313,Mpro-x11812_0A,Mpro-x11812,O=C(N1CCN(CC1)C=2C=CC=CC2)C=3C=NC=C4C=CC=CC34,,MAR-UCB-f313ec4d-6,Isoquinoline,
314,Mpro-x11532_0A,Mpro-x11532,ClC=1C=CC=C(CC(=O)NC=2C=NNC2)C1,,MIC-UNK-66895286-1,Aminopyridine-like,
315,Mpro-x11590_0A,Mpro-x11590,CC=1C(C(=O)CCl)=C2C=CC=CN2C1C(=O)C=3C=CC(F)=CC3,,TAT-ENA-80bfd3e5-4,Chloroacetamide,
316,Mpro-x12207_0A,Mpro-x12207,C[C@]1(CCOC=2C=CC(Cl)=CC21)C(=O)NC=3C=NC=C4C=CC=CC34,,EDJ-MED-e4b030d8-13,Isoquinoline,
317,Mpro-x12321_0A,Mpro-x12321,CC=1C=CN=CC1NC(=O)CC=2C=C(Cl)C=C(NC3CC3C(F)(F)F)C2,,MAT-POS-044491d2-3,Aminopyridine-like,
318,Mpro-x12000_0A,Mpro-x12000,ClC=1C=CC=C(CC(=O)NC=2C=NC=C3CCCC32)C1,,MAT-POS-199e2e7c-1,Isoquinoline,
319,Mpro-x12064_0A,Mpro-x12064,COC=1C=CC=CC1OC2CN(C2)C(=O)C3=CC(=O)NC=4C=CC=CC34,,ERI-UCB-a0b0dbcb-9,Quinolone,
320,Mpro-x11609_0A,Mpro-x11609,COC=1C=CC(Cl)=CC1CC(=O)NC=2C=NC=C3C=CC=CC23,,MAT-POS-3b92565d-1,Isoquinoline,
321,Mpro-x12202_0A,Mpro-x12202,NC=1C=NC=C2N(CCCC12)C(=O)CC=3C=CC=C(Cl)C3,,ALP-POS-cd485364-2,Isoquinoline,
322,Mpro-x11616_0A,Mpro-x11616,FC(F)(F)C=1C=CC=C(C1)N2CCN(CC2)C(=O)C3=CC(=O)NC=4C=CC=CC34,,ERI-UCB-a0b0dbcb-4,Quinolone,
323,Mpro-x11530_0A,Mpro-x11530,ClC=1C=CC=C(CC(=O)NC=2C=NC=C3C=CC=NC23)C1,,MAT-POS-bb423b95-2,Isoquinoline,
324,Mpro-x11742_0A,Mpro-x11742,ClC=1C=CC=C(CC(=O)NC=2C=NC=C3N=CNC23)C1,,MAT-POS-f7918075-8,Isoquinoline,
325,Mpro-x12300_0A,Mpro-x12300,CC=1C=CN=CC1NC(=O)CC=2C=C(Cl)C=C(NCC(C)(C)C#N)C2,,MAT-POS-044491d2-7,Aminopyridine-like,
326,Mpro-x11276_0A,Mpro-x11276,COC=1C=CC=CC1OCCNC(=O)C2=CC(=O)NC=3C=CC=C(F)C23,,EDJ-MED-6af13d92-2,Quinolone,
327,Mpro-x11507_0A,Mpro-x11507,ClC=1C=CC=C(CC(=O)NC=2C=NC=CC2C=3C=CC=CC3)C1,,ALP-POS-0c2c77e1-1,Aminopyridine-like,
328,Mpro-x11813_0A,Mpro-x11813,COC=1C=CC=CC1OCCNC(=O)C=2C=NC=C3C=CC=CC23,,MAR-UCB-f313ec4d-2,Isoquinoline,
329,Mpro-x11557_0A,Mpro-x11557,CC=1C=CN=CC1NC(=O)C(CO)C=2C=CC=C(Cl)C2,,EDG-MED-0da5ad92-5,Aminopyridine-like,
330,Mpro-x11508_0A,Mpro-x11508,ClC=1C=CC=C(CC(=O)NC=2N=NC=C3C=CC=CC23)C1,,EDJ-MED-50fe53e8-1,Isoquinoline,
331,Mpro-x11789_0A,Mpro-x11789,ClC=1C=CC=C(CC(=O)NN2N=NC=3C=CC=CC23)C1,,MAT-POS-bfb445d4-2,Benzotriazole,
332,Mpro-x12204_0A,Mpro-x12204,CC1CCN(CC1)C(=O)CN2N=NC=3C=CC=CC23,,ANT-DIA-62e4526e-1,Benzotriazole,
333,Mpro-x11708_0A,Mpro-x11708,C[C@@H](OC(F)F)C(=O)NC=1C=NC=CC1C,,MAT-POS-5d20d11c-1,Aminopyridine-like,
334,Mpro-x12026_0A,Mpro-x12026,ClC=1C=CC=C(CC(=O)NC2=NN=C3C=CC=CN23)C1,,PET-UNK-e44ffd04-1,Benzotriazole,
335,Mpro-x11810_0A,Mpro-x11810,ClC=1C=CN=C(CC(=O)NC=2C=NC=C3C=CC=CC23)C1,,PET-UNK-3c72d439-1,Isoquinoline,
336,Mpro-x11641_0A,Mpro-x11641,CC(C(=O)NC=1C=NC=CC1C)C=2C=C(Cl)C=C(OC3CC(=O)N3)C2,,TRY-UNI-2eddb1ff-8,Aminopyridine-like,
337,Mpro-x11540_0A,Mpro-x11540,CC1=NNC=C1CC(=O)NC=2C=CC=C(Cl)C2,,MIC-UNK-66895286-3,Aminopyridine-like,
338,Mpro-x12419_0A,Mpro-x12419,CN(C)C=1C=CC(=CC1)N(CC=2C=CC=CC2)C(=O)CN3N=NC=4C=CC=CC34,,ALP-POS-6d04362c-1,Benzotriazole,
339,Mpro-x11560_0A,Mpro-x11560,C[C@H](OC(F)F)C(=O)NC=1C=NC=CC1C,,MAT-POS-590ac91e-17,Aminopyridine-like,
340,Mpro-x11852_0A,Mpro-x11852,OC=1C=C(Cl)C=C(CN2CCN(CC2)C(=O)CCl)C1,,MAT-POS-2db6411e-2,Chloroacetamide,
341,Mpro-x11501_0A,Mpro-x11501,CN(C(=O)CC=1C=CC=C(Cl)C1)C=2C=NC=C3C=CC=CC23,,MAT-POS-bb423b95-7,Isoquinoline,
342,Mpro-x11542_0A,Mpro-x11542,ClC=1C=CC=C(CC(=O)NC=2C=NC=C3C=NC=CC23)C1,,MAT-POS-bb423b95-1,Isoquinoline,
343,Mpro-x12143_0A,Mpro-x12143,CN(C)C=1C=CC(=CC1)N(CC2=CSC=N2)C(=O)CN3N=NC=4C=CC=CC34,,ALP-POS-87c86d55-1,Benzotriazole,
344,Mpro-x12171_0A,Mpro-x12171,ClC=1C=CC=2NCCC(C(=O)NC=3C=NC=C4C=CC=CC34)C2C1,,ALP-POS-477dc5b7-2,Isoquinoline,
345,Mpro-x11548_0A,Mpro-x11548,ClC=1C=CC=C(CC(=O)NC=2C=NC=C3N=CC=CC23)C1,,MIC-UNK-08cd9c58-1,Isoquinoline,
346,Mpro-x11513_0A,Mpro-x11513,CC=1C=CN=CC1NC(=O)CCC=2C=CC=C(Cl)C2,,ALP-POS-f13221e1-4,Aminopyridine-like,
347,Mpro-x11757_0A,Mpro-x11757,COC=1C=CC=2N=NN(CC(=O)N(CC=3C=CC=CN3)C=4C=CC(=CC4)C5CCNCC5)C2C1,,ALP-POS-c0c213c9-1,Benzotriazole,
348,Mpro-x11543_0A,Mpro-x11543,ClC=1C=CC=C(CC(=O)NC=2C=NC=CC2C3CC3)C1,,ALP-POS-95b75b4d-5,Aminopyridine-like,
349,Mpro-x12136_0A,Mpro-x12136,CC=1C=CN2C=NN=C2C1NC(=O)C3CCOC=4C=CC(Cl)=CC34,,JAG-UCB-52b62a6f-11,Benzotriazole,
350,Mpro-N0029_0A,Mpro-N0029,ClC=1C=C(OCCNC(=O)C2=CC(=O)NC=3C=CC=CC23)C=C(OC4CC(=O)N4)C1,,ERI-UCB-ce40166b-17,Immature Form,
351,Mpro-N0029_0B,Mpro-N0029,ClC=1C=C(OCCNC(=O)C2=CC(=O)NC=3C=CC=CC23)C=C(OC4CC(=O)N4)C1,,ERI-UCB-ce40166b-17,Immature Form,
352,Mpro-N0050_0A,Mpro-N0050,CC(C)(C)C=1C=CC(=CC1)N([C@H](C(=O)NCCC=2C=CC=C(F)C2)C=3C=CC=NC3)C(=O)C4=CC=CO4,,MAT-POS-f2460aef-1,Immature Form,
353,Mpro-N0050_0B,Mpro-N0050,CC(C)(C)C=1C=CC(=CC1)N([C@H](C(=O)NCCC=2C=CC=C(F)C2)C=3C=CC=NC3)C(=O)C4=CC=CO4,,MAT-POS-f2460aef-1,Immature Form,
354,Mpro-N0066_0A,Mpro-N0066,ClC=1C=CC=C(C1)C2CCN(C2=O)C=3C=NC=C4C=CC=CC34,,PET-UNK-c9c1e0d8-4,Immature Form,
355,Mpro-N0066_0B,Mpro-N0066,ClC=1C=CC=C(C1)C2CCN(C2=O)C=3C=NC=C4C=CC=CC34,,PET-UNK-c9c1e0d8-4,Immature Form,
356,Mpro-x12350_0A,Mpro-x12350,CC(C)OCCCN(CC1=CC=CO1)C(=O)NC2=CN(C)C(=O)C=3C=CC=CC23,,MAT-POS-b5746674-38,Moonshot - active site,
422,Mpro-x12010_0A,Mpro-x12010,CCC1=CC2=C(C=C1)N(CC(O)=O)C(=O)C2O,,LOR-NOR-c954e7ad-4,Isatin,
423,Mpro-x12715_0A,Mpro-x12715,CN1C=NC=2C=NC=C(NC(=O)C3CCOC=4C=CC(Cl)=CC34)C12,,MAT-POS-2bb0cf2b-2,Isoquinoline,
424,Mpro-x12699_0A,Mpro-x12699,COC1(CCOC=2C=CC(Cl)=CC21)C(=O)NC=3C=NC=C4C=CC=CC34,,EDG-MED-0e5afe9d-3,Isoquinoline,
425,Mpro-x12661_0A,Mpro-x12661,O=C(CC=1C=NC=C2C=CC=CC12)N(CCC3CCCCC3)CC4=CC=CS4,,ALP-POS-64a710fa-1,Isoquinoline,
426,Mpro-x12674_0A,Mpro-x12674,ClC=1C=CC(=CC1)C2CCCN(C2=O)C=3C=NC=C4C=CC=CC34,,ALP-POS-ce760d3f-8,Isoquinoline,
427,Mpro-x12692_0A,Mpro-x12692,ClC=1C=CC=2NCC[C@@H](C(=O)NC=3C=NC=C4C=CC=CC34)C2C1,,EDJ-MED-92e193ae-1,Isoquinoline,
428,Mpro-x12659_0A,Mpro-x12659,ClC1=CC2=C(OCC[C@H]2C(=O)NC2=C3C=CN=CC3=CN=C2)C=C1,,ALP-POS-ce760d3f-2,Isoquinoline,
429,Mpro-x12696_0A,Mpro-x12696,CN1C(=O)NC=2C=NC=C(NC(=O)C3CCOC=4C=CC(Cl)=CC34)C12,,VLA-UCB-29506327-1,Isoquinoline,
430,Mpro-x12716_0A,Mpro-x12716,Cl.Cl.NC[C@]1(CCOC=2C=CC(Cl)=CC21)C(=O)NC=3C=NC=C4C=CC=CC34,,EDG-MED-971238d3-5,Isoquinoline,
431,Mpro-x12682_0A,Mpro-x12682,ClC=1C=CC=2OCCC(C(=O)NC3CCNC(=O)C3)C2C1,,ALP-POS-8b8a49e1-4,Aminopyridine-like,
432,Mpro-x12582_0A,Mpro-x12582,ClC=1C=CC=C(C1)N2CCN(CC2=O)C(=O)C=3C=NC=C4C=CC=CC34,,ERI-UCB-d6de1f3c-2,Isoquinoline,
433,Mpro-x12587_0A,Mpro-x12587,ClC=1C=CC=C(C1)C2CCCN(C2=O)C=3C=NC=C4C=CC=CC34,,PET-UNK-c9c1e0d8-3,Isoquinoline,
435,Mpro-x12679_0A,Mpro-x12679,ClC=1C=CC=C(C1)N2CCN(CC2=O)C(=O)C3=CC(=O)NC=4C=CC=CC34,,ERI-UCB-d6de1f3c-1,Quinolone,
436,Mpro-x12677_0A,Mpro-x12677,ClC=1C=CC=C(CC(=O)NC=2C=NC=C3C=CC=CC23)N1,,MAT-POS-afd4d4fd-2,Isoquinoline,
437,Mpro-x12723_0A,Mpro-x12723,[O-][N+]=1C=C(NC(=O)[C@@H]2CCOC=3C=CC(Cl)=CC23)C=4C=CC=CC4C1,,EDJ-MED-eff36d94-1,Isoquinoline,
438,Mpro-x12740_0A,Mpro-x12740,CC1CCN(CC(=O)NC=2C=NC=CC2C)CC1,,EDJ-MED-3c65e9ce-4,Aminopyridine-like,
439,Mpro-x12686_0A,Mpro-x12686,ClC=1C=CC=2OCCC3(NC(=O)N(C3=O)C=4C=NC=C5C=CC=CC45)C2C1,,VLA-UCB-29506327-1,Isoquinoline,
440,Mpro-x12710_0A,Mpro-x12710,CN1CCC(C(=O)NC=2C=NC=C3C=CC=CC23)C=4C=C(Cl)C=CC14,,MIC-UNK-91acba05-6,Isoquinoline,
441,Mpro-x12731_0A,Mpro-x12731,Cl.Cl.NC[C@@]1(CCOC=2C=CC(Cl)=CC21)C(=O)NC=3C=NC=C4C=CC=CC34,,MAT-POS-2bb0cf2b-1,Isoquinoline,
442,Mpro-x12698_0A,Mpro-x12698,ClC=1C=CC=2OCCC(C(=O)NC=3C=NC=C4CCNCC34)C2C1,,BEN-DND-c852c98b-10,Isoquinoline,
443,Mpro-x12719_0A,Mpro-x12719,CC(=O)N1CCN(CC(=O)NC=2C=NC=CC2C3CC3)CC1,,EDJ-MED-3c65e9ce-2,Aminopyridine-like,
444,Mpro-x12695_0A,Mpro-x12695,OC1(CC(=O)NC=2C=CC(Cl)=CC21)C(=O)NC=3C=NC=C4C=CC=CC34,,MAT-POS-c7771779-1,Isoquinoline,
445,Mpro-x12735_0A,Mpro-x12735,CCC(=O)N(C(=O)C1CCOC2=C1C=C(Cl)C=C2)C1=C2C=CC=CC2=CN=C1,,MAT-POS-090737b9-1,Isoquinoline,
448,Mpro-N0077_0A,Mpro-N0077,CC=1C=CN=CC1NC(=O)CC=2C=C(Cl)C=C(OC3CC(=O)N3)C2,,TRY-UNI-2eddb1ff-7,Immature Form,
