ID,Formula,MW,Purity,Salt_name,Salt_ratio,MW_salt,Well,Smile,Structure,Name,500 mM solubility comment
Z31735562,C11H14N2O3,222.25,98,n/a,0,0,AA07,COCC(=O)NC=1C=CC=C(NC(=O)C)C1,,N-(3-acetamidophenyl)-2-methoxyacetamide,
Z1650040241,C7H14N2O,142.20,95,n/a,0,0,F07,CCC(=O)NC1CCNC1,,N-(pyrrolidin-3-yl)propanamide,
Z263785508,C6H9N3O2S,187.22,98,n/a,0,0,G07,COCC(=O)NC1=NN=C(C)S1,,"2-methoxy-N-(5-methyl-1,3,4-thiadiazol-2-yl)acetamide",not completely soluble at 500 mM
Z275181224,C12H14N4O,230.27,100,n/a,0,0,H07,CCN1C=C(CNC(=O)C=2C=CC=NC2)C=N1,,N-[(1-ethyl-1H-pyrazol-4-yl)methyl]pyridine-3-carboxamide,
Z276545932,C12H11N5O,241.25,100,n/a,0,0,I07,COC=1C=CC(NC=2N=CN=C3NC=NC23)=CC1,,N-(4-methoxyphenyl)-9H-purin-6-amine,not completely soluble at 500 mM
Z241832786,C10H19N3O,197.28,97,n/a,0,0,J07,CN1CCN(CC1)C(=O)C2CCCN2,,1-methyl-4-(pyrrolidine-2-carbonyl)piperazine,
Z437584380,C11H12ClNOS,241.74,91,n/a,0,0,K07,ClC=1C=CC(=CC1)C(=O)N2CCSCC2,,4-(4-chlorobenzoyl)thiomorpholine,
Z804566442,C12H15N3OS,249.34,100,n/a,0,0,L07,CCC1=CC=C(S1)C(=O)NCC=2C=NN(C)C2,,5-ethyl-N-[(1-methyl-1H-pyrazol-4-yl)methyl]thiophene-2-carboxamide,
Z2856434897,C14H20N2O,232.33,92,n/a,0,0,M07,NC(=O)C1CCN(CCC=2C=CC=CC2)CC1,,1-(2-phenylethyl)piperidine-4-carboxamide,
Z31432226,C14H17NO3,247.30,100,n/a,0,0,N07,O=C(N1CCCCCC1)C=2C=CC=3OCOC3C2,,"1-(2H-1,3-benzodioxole-5-carbonyl)azepane",
Z26312102,C14H13NO2,227.27,91,n/a,0,0,O07,NC(=O)C=1C=CC(OCC=2C=CC=CC2)=CC1,,4-(benzyloxy)benzamide,not completely soluble at 500 mM
Z2856434858,C11H14ClNO,211.69,100,n/a,0,0,P07,O[C@@H]1CCN(CC=2C=CC(Cl)=CC2)C1,,(3R)-1-[(4-chlorophenyl)methyl]pyrrolidin-3-ol,
Z235449082,C14H12N2O,224.26,100,n/a,0,0,Q07,OCC=1C=CC(=CC1)N2C=NC=3C=CC=CC23,,"[4-(1H-1,3-benzodiazol-1-yl)phenyl]methanol",
Z1401333862,C11H13N3,187.25,96,n/a,0,0,R07,CN1C=CC(NCC=2C=CC=CC2)=N1,,N-benzyl-1-methyl-1H-pyrazol-3-amine,
Z1745658474,C6H4F3N3O,191.11,95,n/a,0,0,S07,NC(=O)C=1C=NC(=NC1)C(F)(F)F,,2-(trifluoromethyl)pyrimidine-5-carboxamide,
Z57299529,C15H15N3,237.31,98,n/a,0,0,T07,C(CC=1C=CC=CC1)NC2=NC=3C=CC=CC3N2,,"N-(2-phenylethyl)-1H-1,3-benzodiazol-2-amine",
Z111666026,C11H11N3O2,217.23,100,n/a,0,0,U07,O=C1NC=C(NCC=2C=CC=CC2)C(=O)N1,,"5-(benzylamino)-1,2,3,4-tetrahydropyrimidine-2,4-dione",not completely soluble at 500 mM
Z1333043417,C10H16N4,192.27,95,n/a,0,0,V07,CC=1N=CC=C(N1)N2CCC(N)CC2,,1-(2-methylpyrimidin-4-yl)piperidin-4-amine,
Z815264062,C10H9N3O2,203.20,100,n/a,0,0,W07,CN1C=C(C(=O)O)C(=N1)C=2C=CN=CC2,,1-methyl-3-(pyridin-4-yl)-1H-pyrazole-4-carboxylic acid,not completely soluble at 500 mM
Z1722836661,C8H13N3O2,183.21,100,n/a,0,0,X07,CN(C)C(=O)OCCN1C=CN=C1,,"2-(1H-imidazol-1-yl)ethyl N,N-dimethylcarbamate",
Z57627041,C9H13N3O2,195.22,92,n/a,0,0,Y07,NC(=O)C1CCN(CC1)C(=O)CC#N,,1-(2-cyanoacetyl)piperidine-4-carboxamide,
Z1437171658,C7H13N3,139.20,95,n/a,0,0,Z07,CNC(C)C=1C=NN(C)C1,,methyl[1-(1-methyl-1H-pyrazol-4-yl)ethyl]amine,
Z1891772663,C9H15NO4,201.22,90,n/a,0,0,AA08,CC(=O)NC(C1CCOCC1)C(=O)O,,2-acetamido-2-(oxan-4-yl)acetic acid,
Z818732104,C7H16N2O,144.22,94,n/a,0,0,F08,CC(N)CN1CCOCC1,,1-(morpholin-4-yl)propan-2-amine,
Z235341991,C10H15ClN2O2,230.70,91,hydrogen chloride,1,36.46,G08,Cl.COC=1C=CC(C)=CC1NC(=O)CN,,2-amino-N-(2-methoxy-5-methylphenyl)acetamide hydrochloride,
Z2429435052,C8H19ClN2O,194.71,95,hydrogen chloride,1,36.46,H08,Cl.CC(C)(O)CN1CC[C@H](N)C1,,1-[(3S)-3-aminopyrrolidin-1-yl]-2-methylpropan-2-ol hydrochloride,
Z1247413608,C6H13NO3S,179.24,100,n/a,0,0,I08,CS(=O)(=O)N1CCC(O)CC1,,1-methanesulfonylpiperidin-4-ol,
Z1245580425,C8H18N2,142.25,95,n/a,0,0,J08,CC1CCCCN1CCN,,2-(2-methylpiperidin-1-yl)ethan-1-amine,
Z364328788,C9H8FNO3,197.17,100,n/a,0,0,K08,CC(=O)NC=1C=C(C=CC1F)C(=O)O,,3-acetamido-4-fluorobenzoic acid,
Z198194394,C11H14FN3O,223.25,100,n/a,0,0,L08,NC(=O)N1CCN(CC1)C=2C=CC(F)=CC2,,4-(4-fluorophenyl)piperazine-1-carboxamide,
Z285782452,C8H11NO2S,185.25,100,n/a,0,0,M08,CNC=1C=CC=CC1S(=O)(=O)C,,2-methanesulfonyl-N-methylaniline,
Z1269638430,C7H14N2O2,158.20,95,n/a,0,0,N08,CC(=O)NCC1CNCCO1,,N-(morpholin-2-ylmethyl)acetamide,
Z2467208649,C10H13N3,175.24,95,n/a,0,0,O08,CC(C)NC1=NC=2C=CC=CC2N1,,"N-(propan-2-yl)-1H-1,3-benzodiazol-2-amine",
Z1461982627,C10H19N3S,213.35,96,n/a,0,0,P08,CC(C)C1=NN=C(NCC(C)(C)C)S1,,"N-(2,2-dimethylpropyl)-5-(propan-2-yl)-1,3,4-thiadiazol-2-amine",
Z30242076,C14H12N2O2,240.26,95,n/a,0,0,Q08,NC(=O)C=1C=CC(NC(=O)C=2C=CC=CC2)=CC1,,4-benzamidobenzamide,not completely soluble at 500 mM
Z2856434843,C6H13NO2,131.18,95,n/a,0,0,R08,OCCN1CCOCC1,,2-(morpholin-4-yl)ethan-1-ol,
Z1526748660,C7H11F2NO,163.17,100,n/a,0,0,S08,NC(=O)C1CCC(F)(F)CC1,,"4,4-difluorocyclohexane-1-carboxamide",
Z27695365,C13H17NO3,235.29,100,n/a,0,0,T08,CC(C)CC(=O)NCC=1C=CC=2OCOC2C1,,"N-(2H-1,3-benzodioxol-5-ylmethyl)-3-methylbutanamide",
Z1354416068,C10H12N2O,176.22,95,n/a,0,0,U08,CC(=O)N1CC=2C=CC(N)=CC2C1,,"1-(5-amino-2,3-dihydro-1H-isoindol-2-yl)ethan-1-one",
Z1259339735,C10H18N4O,210.28,95,n/a,0,0,V08,CN(C)CC1=NC(=NO1)C2(N)CCCC2,,"1-{5-[(dimethylamino)methyl]-1,2,4-oxadiazol-3-yl}cyclopentan-1-amine",
Z1955122823,C7H6N2O,134.14,100,n/a,0,0,W08,COC=1C=CC=NC1C#N,,3-methoxypyridine-2-carbonitrile,
Z2737076969,C12H12FNO,205.23,100,n/a,0,0,X08,FC=1C=CC=C(CNCC2=CC=CO2)C1,,[(3-fluorophenyl)methyl](furan-2-ylmethyl)amine,
Z1359419878,C9H8N2O2,176.18,97,n/a,0,0,Y08,COC=1C=CC=CC1C2=NN=CO2,,"2-(2-methoxyphenyl)-1,3,4-oxadiazole",
Z1636723439,C6H12N2O2,144.17,95,n/a,0,0,Z08,CNC(=O)C1CNCCO1,,N-methylmorpholine-2-carboxamide,
Z2734782702,C10H12O5,212.20,100,n/a,0,0,AA09,COC=1C=C(C=C(OC)C1OC)C(=O)O,,"3,4,5-trimethoxybenzoic acid",
Z30891796,C14H13NO2,227.27,100,n/a,0,0,F09,CC=1C=CC(C)=C(OC(=O)C=2C=CN=CC2)C1,,"2,5-dimethylphenyl pyridine-4-carboxylate",
Z26781964,C13H11N3O2,241.25,98,n/a,0,0,G09,O=C(NCC1=NC=2C=CC=CC2N1)C3=CC=CO3,,"N-(1H-1,3-benzodiazol-2-ylmethyl)furan-2-carboxamide",
Z416341642,C9H20N2O3S,236.34,91,n/a,0,0,H09,CC(C)N(C)S(=O)(=O)N1CCOC(C)C1,,"N,2-dimethyl-N-(propan-2-yl)morpholine-4-sulfonamide",
Z56346825,C13H10ClNO2,247.68,100,n/a,0,0,I09,OC=1C=CC(NC(=O)C=2C=CC(Cl)=CC2)=CC1,,4-chloro-N-(4-hydroxyphenyl)benzamide,
Z933840894,C9H10ClFN2O,216.64,100,n/a,0,0,J09,CNC(=O)NCC=1C(F)=CC=CC1Cl,,1-[(2-chloro-6-fluorophenyl)methyl]-3-methylurea,
Z26333434,C15H11N3,233.28,92,n/a,0,0,K09,N#CC=1C=CC(CN2C=NC=3C=CC=CC23)=CC1,,"4-(1H-1,3-benzodiazol-1-ylmethyl)benzonitrile",
Z295848548,C10H15N3O2,209.25,97,n/a,0,0,L09,C(N1CCOCC1)C2=NC(=NO2)C3CC3,,"4-[(3-cyclopropyl-1,2,4-oxadiazol-5-yl)methyl]morpholine",
Z57040482,C8H9NO2,151.17,99,n/a,0,0,M09,CC(=O)NC=1C=CC=CC1O,,N-(2-hydroxyphenyl)acetamide,
Z1673618163,C9H14N2O3S,230.29,100,n/a,0,0,N09,CN(CCO)S(=O)(=O)C=1C=CC(N)=CC1,,S-(4-aminophenyl)-2-hydroxy-N-methylethane-1-sulfonamido,
Z30272045,C10H13NO3S,227.28,95,n/a,0,0,O09,CNC(=O)C=1C=CC(CS(=O)(=O)C)=CC1,,4-(methanesulfonylmethyl)-N-methylbenzamide,
Z927412236,C9H18N2O,170.26,97,n/a,0,0,P09,CC(N)C(=O)N1CCCCC1C,,2-amino-1-(2-methylpiperidin-1-yl)propan-1-one,
Z30242133,C13H16N2O2,232.28,92,n/a,0,0,Q09,NC(=O)C=1C=CC(NC(=O)C2CCCC2)=CC1,,4-cyclopentaneamidobenzamide,
Z44567722,C12H22N2O3,242.32,91,n/a,0,0,R09,COC(=O)C1CCN(CC1)C(=O)NC(C)(C)C,,methyl 1-(tert-butylcarbamoyl)piperidine-4-carboxylate,not completely soluble at 500 mM
Z102895082,C10H10N2O3,206.20,95,n/a,0,0,S09,COC=1C=CC=2C=NNC(=O)C2C1OC,,"7,8-dimethoxy-1,2-dihydrophthalazin-1-one",
Z1003207278,C8H17NO2S,191.29,98,n/a,0,0,T09,CNS(=O)(=O)CC1CCCCC1,,1-cyclohexyl-N-methylmethanesulfonamide,
Z30917949,C13H13N3O,227.27,92,n/a,0,0,U09,CCC=1C=CC(NC(=O)C=2C=NC=CN2)=CC1,,N-(4-ethylphenyl)pyrazine-2-carboxamide,
Z57472297,C11H16N2O3,224.26,99,n/a,0,0,V09,CC(CO)(CO)NC(=O)NC=1C=CC=CC1,,"3-(1,3-dihydroxy-2-methylpropan-2-yl)-1-phenylurea",
Z56767623,C11H12N2OS,220.30,100,n/a,0,0,W09,C1CN(CCO1)C2=NC=3C=CC=CC3S2,,"2-(morpholin-4-yl)-1,3-benzothiazole",
Z2856434896,C14H17NO,215.30,91,n/a,0,0,X09,CN(CC1=CC=C(C)O1)CC=2C=CC=CC2,,benzyl(methyl)[(5-methylfuran-2-yl)methyl]amine,
Z26333448,C14H11FN2,226.26,92,n/a,0,0,Y09,FC=1C=CC(CN2C=NC=3C=CC=CC23)=CC1,,"1-[(4-fluorophenyl)methyl]-1H-1,3-benzodiazole",
Z57778470,C10H13N5,203.25,100,n/a,0,0,Z09,CC=1C=CC=CC1CNC2=NN=NN2C,,"1-methyl-N-[(2-methylphenyl)methyl]-1H-1,2,3,4-tetrazol-5-amine",
Z1815155460,C8H8N2O3,180.16,95,n/a,0,0,AA10,CC(=O)NC=1C=CC=NC1C(=O)O,,3-acetamidopyridine-2-carboxylic acid,not completely soluble at 500 mM
Z1992316315,C9H21N3,171.29,100,n/a,0,0,F10,CN1CCN(CCN)CC1(C)C,,"2-(3,3,4-trimethylpiperazin-1-yl)ethan-1-amine",
Z1741785925,C7H14N2O,142.20,95,n/a,0,0,G10,CC1CCNC(C1)C(=O)N,,4-methylpiperidine-2-carboxamide,
Z1186029914,C11H13FN2O,208.24,,n/a,0,0,H10,CNC1CCN(C1=O)C=2C=CC=CC2F,,1-(2-fluorophenyl)-3-(methylamino)pyrrolidin-2-one,
Z27782760,C15H15NO2,241.29,100,n/a,0,0,I10,CCOC=1C=CC(=CC1)C(=O)NC=2C=CC=CC2,,4-ethoxy-N-phenylbenzamide,
Z228585534,C8H15NO2,157.21,97,n/a,0,0,J10,CC1CCCN(C1)C(=O)CO,,2-hydroxy-1-(3-methylpiperidin-1-yl)ethan-1-one,
Z52584368,C9H10N4OS,222.27,100,n/a,0,0,K10,CNC(=O)CNC=1N=CN=C2SC=CC12,,"N-methyl-2-({thieno[2,3-d]pyrimidin-4-yl}amino)acetamide",not completely soluble at 500 mM
Z2856434816,C11H13ClN2S,240.76,,hydrogen chloride,1,36.46,L10,Cl.C(NCC=1C=CN=CC1)C2=CC=CS2,,(pyridin-4-ylmethyl)(thiophen-2-ylmethyl)amine hydrochloride,
Z906021418,C8H10ClN3O,199.64,95,n/a,0,0,M10,CC(C)C=1N=CC(Cl)=C(N1)C(=O)N,,5-chloro-2-(propan-2-yl)pyrimidine-4-carboxamide,
Z1945710531,C10H12N2O2S,224.28,91,n/a,0,0,N10,COC(C)C1=NC(=CS1)C=2C=NOC2C,,"4-[2-(1-methoxyethyl)-1,3-thiazol-4-yl]-5-methyl-1,2-oxazole",
Z805551440,C5H9N3O2S,175.21,100,n/a,0,0,O10,CN(C)S(=O)(=O)C=1C=NNC1,,"N,N-dimethyl-1H-pyrazole-4-sulfonamide",
Z363993198,C10H8ClN3,205.65,,n/a,0,0,P10,NC=1N=CC=C(N1)C=2C=CC(Cl)=CC2,,4-(4-chlorophenyl)pyrimidin-2-amine,
Z104584152,C10H14N2O,178.24,100,n/a,0,0,Q10,CN(C)C(=O)CNC=1C=CC=CC1,,"N,N-dimethyl-2-(phenylamino)acetamide",
Z2856434815,C10H12N2,160.22,100,n/a,0,0,R10,CN(C)CC=1C=CC(C#N)=CC1,,4-[(dimethylamino)methyl]benzonitrile,
Z364368134,C10H11NO3,193.20,95,n/a,0,0,S10,CC(=O)NC=1C=CC=C(C(=O)O)C1C,,3-acetamido-2-methylbenzoic acid,
Z1741960769,C8H7F3N2OS,236.22,,n/a,0,0,T10,NC(=S)NC=1C=CC(OC(F)(F)F)=CC1,,[4-(trifluoromethoxy)phenyl]thiourea,
Z100642432,C9H9BrFNO,246.08,100,n/a,0,0,U10,CN(C)C(=O)C=1C=CC(F)=CC1Br,,"2-bromo-4-fluoro-N,N-dimethylbenzamide",
Z1134990241,C11H12N2OS,220.30,96,n/a,0,0,V10,CC1=NC(CN2C=CC(C)=CC2=O)=CS1,,"4-methyl-1-[(2-methyl-1,3-thiazol-4-yl)methyl]-1,2-dihydropyridin-2-one",
Z1675346324,C11H17N3O,207.28,97,n/a,0,0,W10,CN(C1CC(O)C1)C=2C=C(C)N=C(C)N2,,"3-[(2,6-dimethylpyrimidin-4-yl)(methyl)amino]cyclobutan-1-ol",
Z2574937229,C14H16ClNO,249.74,,hydrogen chloride,1,36.46,X10,Cl.COC=1C=CC(=CC1)C(N)C=2C=CC=CC2,,(4-methoxyphenyl)(phenyl)methanamine hydrochloride,
Z50145861,C10H10N2O,174.20,98,n/a,0,0,Y10,CC1=NN(C(=O)C1)C=2C=CC=CC2,,"3-methyl-1-phenyl-4,5-dihydro-1H-pyrazol-5-one",
Z169226638,C10H20N2O,184.28,91,n/a,0,0,Z10,CC(=O)NCCN1CCCCCC1,,N-[2-(azepan-1-yl)ethyl]acetamide,
Z45656995,C8H10N2O3S,214.24,100,n/a,0,0,AA11,CS(=O)(=O)NC=1C=CC(=CC1)C(=O)N,,4-methanesulfonamidobenzamide,
Z1171217421,C9H15N3S,197.30,97,n/a,0,0,F11,CC1=NC=C(CN2CCNCC2)S1,,"1-[(2-methyl-1,3-thiazol-5-yl)methyl]piperazine",not completely soluble at 500 mM
Z466628048,C9H10N4OS,222.27,100,n/a,0,0,G11,CC1=CSC(CNC(=O)C=2C=CNN2)=N1,,"N-[(4-methyl-1,3-thiazol-2-yl)methyl]-1H-pyrazole-3-carboxamide",
Z223388508,C15H18N2O,242.32,100,n/a,0,0,H11,CC(=O)N1CCC(CC1)C2=CNC=3C=CC=CC23,,1-[4-(1H-indol-3-yl)piperidin-1-yl]ethan-1-one,
Z19735904,C14H19NO2,233.31,100,n/a,0,0,I11,O=C(COC=1C=CC=CC1)NC2CCCCC2,,N-cyclohexyl-2-phenoxyacetamide,
Z1262327505,C10H15N3,177.25,95,n/a,0,0,J11,C(NC=1C=CC=CN1)C2CCNC2,,N-(pyrrolidin-3-ylmethyl)pyridin-2-amine,
Z134785326,C8H17N3O3S,235.31,100,n/a,0,0,K11,CC(N1CCN(CC1)S(=O)(=O)C)C(=O)N,,2-(4-methanesulfonylpiperazin-1-yl)propanamide,not completely soluble at 500 mM
Z735557654,C11H11N3O2S,249.29,100,n/a,0,0,L11,CCOC(=O)C=1SC(=NC1C)C=2C=NC=CN2,,"ethyl 4-methyl-2-(pyrazin-2-yl)-1,3-thiazole-5-carboxylate",not completely soluble at 500 mM
Z336089202,C13H13NO,199.25,99,n/a,0,0,M11,NC=1C=CC=CC1OCC=2C=CC=CC2,,2-(benzyloxy)aniline,
Z1267885772,C11H17N3,191.28,95,n/a,0,0,N11,CC1CN(CCN1)C=2C=CC=C(C)N2,,3-methyl-1-(6-methylpyridin-2-yl)piperazine,
Z217038356,C10H15N3O2,209.25,91,n/a,0,0,O11,CC1CN(CCO1)C(=O)CN2C=CC=N2,,1-(2-methylmorpholin-4-yl)-2-(1H-pyrazol-1-yl)ethan-1-one,
Z275154304,C8H6ClN5O,223.62,100,n/a,0,0,P11,ClC=1N=CC=CC1C(=O)NC2=NN=CN2,,"2-chloro-N-(4H-1,2,4-triazol-3-yl)pyridine-3-carboxamide",
Z28226359,C14H17NO3,247.30,92,n/a,0,0,Q11,COC(=O)C=1C=CC(NC(=O)C2CCCC2)=CC1,,methyl 4-cyclopentaneamidobenzoate,
Z1259161657,C8H17NO2S,191.29,95,n/a,0,0,R11,CNC1CCCCC1S(=O)(=O)C,,2-methanesulfonyl-N-methylcyclohexan-1-amine,
Z165170770,C8H10N2O3S,214.24,100,n/a,0,0,S11,CNC(=O)C=1C=CC(=CC1)S(=O)(=O)N,,N-methyl-4-sulfamoylbenzamide,
Z31478129,C10H13NO2,179.22,99,n/a,0,0,T11,CCOC(=O)NCC=1C=CC=CC1,,ethyl N-benzylcarbamate,
Z335451386,C10H13NO3,195.22,92,n/a,0,0,U11,COC=1C=CC=C(C1)C(N)CC(=O)O,,3-amino-3-(3-methoxyphenyl)propanoic acid,not completely soluble at 500 mM
Z71580604,C11H14N2O2,206.25,98,n/a,0,0,V11,CC=1C=CC(NC(=O)C2CCCO2)=NC1,,N-(5-methylpyridin-2-yl)oxolane-2-carboxamide,
Z939944666,C11H12FN3,205.24,100,n/a,0,0,W11,FC=1C=C(C#N)C=CC1N2CCNCC2,,3-fluoro-4-(piperazin-1-yl)benzonitrile,not completely soluble at 500 mM
Z287256168,C12H16N2O,204.27,91,n/a,0,0,X11,CC(NC(=O)C=1C=CC=C(C)N1)C2CC2,,N-(1-cyclopropylethyl)-6-methylpyridine-2-carboxamide,
Z31484539,C14H18FNO,235.30,95,n/a,0,0,Y11,FC=1C=CC(CC(=O)NC2CCCCC2)=CC1,,N-cyclohexyl-2-(4-fluorophenyl)acetamide,
Z1613492358,C7H12N2O,140.19,100,n/a,0,0,Z11,CC(O)CCN1C=CC=N1,,4-(1H-pyrazol-1-yl)butan-2-ol,
Z2446040567,C8H12N2O2,168.20,95,n/a,0,0,AA12,CC(C)C1=NC=CN1CC(=O)O,,2-[2-(propan-2-yl)-1H-imidazol-1-yl]acetic acid,
Z1787158625,C8H16N2O,156.23,98,n/a,0,0,F12,CC(=O)NC1CCC(N)CC1,,N-(4-aminocyclohexyl)acetamide,not completely soluble at 500 mM
Z2510259379,C6H9N3O2,155.16,100,n/a,0,0,G12,CC(C)N1C=C(N=N1)C(=O)O,,"1-(propan-2-yl)-1H-1,2,3-triazole-4-carboxylic acid",
Z198194396,C10H13N3O3,223.23,100,n/a,0,0,H12,NC(=O)N1CCN(CC1)C(=O)C2=CC=CO2,,4-(furan-2-carbonyl)piperazine-1-carboxamide,
Z1124201124,C6H8N2O2,140.14,98,n/a,0,0,I12,CCOC(=O)C=1C=NNC1,,ethyl 1H-pyrazole-4-carboxylate,
Z927746322,C9H13N3O,179.22,95,n/a,0,0,J12,CNCC(=O)NC=1C=C(C)C=CN1,,2-(methylamino)-N-(4-methylpyridin-2-yl)acetamide,
Z1129283193,C8H10N2O,150.18,95,n/a,0,0,K12,CC(=O)NC=1C=NC=CC1C,,N-(4-methylpyridin-3-yl)acetamide,
Z1688493887,C15H18N2O,242.32,100,n/a,0,0,L12,O=C(CC#N)N1CCC(CC=2C=CC=CC2)CC1,,3-(4-benzylpiperidin-1-yl)-3-oxopropanenitrile,
Z1374778753,C9H8ClN3O,209.64,100,n/a,0,0,M12,OCC1=CN(N=N1)C=2C=CC(Cl)=CC2,,"[1-(4-chlorophenyl)-1H-1,2,3-triazol-4-yl]methanol",
Z1868430535,C6H9NO3,143.14,95,n/a,0,0,N12,CC(=O)N1CC(C1)C(=O)O,,1-acetylazetidine-3-carboxylic acid,
Z1148747945,C8H10N2O,150.18,100,n/a,0,0,O12,CC(=O)NC=1C=CN=CC1C,,N-(3-methylpyridin-4-yl)acetamide,
Z57792053,C10H9ClN2O,208.65,99,n/a,0,0,P12,CCC1=NC(=NO1)C=2C=CC(Cl)=CC2,,"3-(4-chlorophenyl)-5-ethyl-1,2,4-oxadiazole",
Z54628157,C7H6ClF3N2,210.59,100,n/a,0,0,Q12,CNC=1N=CC(=CC1Cl)C(F)(F)F,,3-chloro-N-methyl-5-(trifluoromethyl)pyridin-2-amine,
Z1824511473,C7H11NO4,173.17,95,n/a,0,0,R12,CC(=O)N1C[C@H](O)C[C@@H]1C(=O)O,,"(2R,4R)-1-acetyl-4-hydroxypyrrolidine-2-carboxylic acid",
Z1562205518,C6H9N3O2,155.16,95,n/a,0,0,S12,NC(=O)C=1C=NN(CCO)C1,,1-(2-hydroxyethyl)-1H-pyrazole-4-carboxamide,
Z2856434767,C7H12N2O,140.19,97,n/a,0,0,T12,N#CCCN1CCOCC1,,3-(morpholin-4-yl)propanenitrile,
Z2442288995,C11H14ClN3O,239.71,97,hydrogen chloride,1,36.46,U12,Cl.CC(N)C1=NC(CC=2C=CC=CC2)=NO1,,"1-(3-benzyl-1,2,4-oxadiazol-5-yl)ethan-1-amine hydrochloride",
Z2064898339,C14H19NO2,233.31,100,n/a,0,0,V12,CC=1C=CC(CC(=O)NC[C@@H]2CCCO2)=CC1,,2-(4-methylphenyl)-N-[(2S)-oxolan-2-ylmethyl]acetamide,
Z270979606,C10H13NO,163.22,100,n/a,0,0,W12,CC(C)(C(=O)N)C=1C=CC=CC1,,2-methyl-2-phenylpropanamide,
Z31222641,C10H13N3S,207.30,94,n/a,0,0,X12,CN(C)C=1N=CN=C2SC(C)=C(C)C12,,"N,N,5,6-tetramethylthieno[2,3-d]pyrimidin-4-amine",
Z1343633025,C8H8FNO,153.16,100,n/a,0,0,Y12,CC=1C=CC(C(=O)N)=C(F)C1,,2-fluoro-4-methylbenzamide,
Z812517112,C8H13N3S,183.28,100,n/a,0,0,Z12,C(N1CCNCC1)C2=CSC=N2,,"1-(1,3-thiazol-4-ylmethyl)piperazine",
Z56767614,C10H8F3NO3,247.18,100,n/a,0,0,AA13,COC(=O)C=1C=CC(NC(=O)C(F)(F)F)=CC1,,methyl 4-(trifluoroacetamido)benzoate,
Z2856434854,C14H20N2O2,248.33,100,n/a,0,0,F13,COC=1C=CC=C(CN2CCC(CC2)C(=O)N)C1,,1-[(3-methoxyphenyl)methyl]piperidine-4-carboxamide,
Z2856434779,C14H12O2,212.25,100,n/a,0,0,G13,OC(=O)CC=1C=CC(=CC1)C=2C=CC=CC2,,2-(4-phenylphenyl)acetic acid,
Z2106600670,C12H10FNO3,235.22,95,n/a,0,0,H13,CCOC(=O)C1=CC(=NO1)C=2C=CC(F)=CC2,,"ethyl 3-(4-fluorophenyl)-1,2-oxazole-5-carboxylate",not completely soluble at 500 mM
Z56791867,C10H15N5,205.26,100,n/a,0,0,I13,CCN(CC)C1=CC(C)=NC2=NC=NN12,,"N,N-diethyl-5-methyl-[1,2,4]triazolo[1,5-a]pyrimidin-7-amine",
Z44603686,C11H21N3O2,227.31,100,n/a,0,0,J13,CC(C)(C)NC(=O)N1CCC(CC1)C(=O)N,,"1-N-tert-butylpiperidine-1,4-dicarboxamide",
Z271004858,C11H11N3O2S,249.29,99,n/a,0,0,K13,NC=1C=CC(=CC1)S(=O)(=O)NC=2C=CC=CN2,,4-amino-N-(pyridin-2-yl)benzene-1-sulfonamide,
Z2856434931,C11H8N2O4,232.20,100,n/a,0,0,L13,OC(=O)C=1C=CC=C(NC(=O)C2=CC=NO2)C1,,"3-(1,2-oxazole-5-amido)benzoic acid",
Z27808049,C13H13N3O2,243.27,100,n/a,0,0,M13,CCOC=1C=CC(NC(=O)C=2C=NC=CN2)=CC1,,N-(4-ethoxyphenyl)pyrazine-2-carboxamide,not completely soluble at 500 mM
Z2856434941,C11H15NO3,209.25,95,n/a,0,0,N13,C[C@H](O)CNCC=1C=CC=2OCOC2C1,,"(2S)-1-[(2H-1,3-benzodioxol-5-ylmethyl)amino]propan-2-ol",
Z57258487,C11H15N5,217.28,95,n/a,0,0,O13,CN(C)C=1C=CC(CNN2C=NN=C2)=CC1,,"N-{[4-(dimethylamino)phenyl]methyl}-4H-1,2,4-triazol-4-amine",
Z26794338,C12H9N3O3,243.22,100,n/a,0,0,P13,O=C(NC=1C=CC=2NC(=O)NC2C1)C3=CC=CO3,,"N-(2-oxo-2,3-dihydro-1H-1,3-benzodiazol-5-yl)furan-2-carboxamide",
Z85956652,C9H12Cl2N2O,235.11,99,hydrogen chloride,1,36.46,Q13,Cl.CC=1C(Cl)=CC=CC1NC(=O)CN,,2-amino-N-(3-chloro-2-methylphenyl)acetamide hydrochloride,
Z1614545742,C11H13NO5,239.23,100,n/a,0,0,R13,COC(=O)[C@@H]1C[C@@H](O)CN1C(=O)C2=CC=CO2,,"methyl (2S,4R)-1-(furan-2-carbonyl)-4-hydroxypyrrolidine-2-carboxylate",
Z2856434944,C12H16FN3O,237.28,97,n/a,0,0,S13,CN1CCN(CC1)C(=O)NC=2C=CC(F)=CC2,,N-(4-fluorophenyl)-4-methylpiperazine-1-carboxamide,
Z33546965,C10H12N2O3,208.22,100,n/a,0,0,T13,COC=1C=CC(=CC1)C(=O)NCC(=O)N,,2-[(4-methoxyphenyl)formamido]acetamide,
Z56347187,C8H7N3S,177.23,100,n/a,0,0,U13,N(C1=NN=CS1)C=2C=CC=CC2,,"N-phenyl-1,3,4-thiadiazol-2-amine",
Z111810692,C8H5ClF3NO,223.58,100,n/a,0,0,V13,FC(F)(F)C(=O)NC=1C=CC=C(Cl)C1,,"N-(3-chlorophenyl)-2,2,2-trifluoroacetamide",
Z28429411,C14H15NOS,245.35,100,n/a,0,0,W13,CC=1C=CC(CNC(=O)CC2=CC=CS2)=CC1,,N-[(4-methylphenyl)methyl]-2-(thiophen-2-yl)acetamide,
Z57283017,C10H15N3O2,209.25,98,n/a,0,0,X13,OC=1N=CC(NC2CCCCC2)=C(O)N1,,"5-(cyclohexylamino)pyrimidine-2,4-diol",not completely soluble at 500 mM
Z85934875,C7H15N3O,157.22,95,n/a,0,0,Y13,CNC(=O)CN1CCNCC1,,N-methyl-2-(piperazin-1-yl)acetamide,
Z54226095,C13H15F2NO,239.27,100,n/a,0,0,Z13,FC=1C=CC=C(F)C1C(=O)N2CCCCCC2,,"1-(2,6-difluorobenzoyl)azepane",
Z1530301542,C8H9N3S,179.25,100,n/a,0,0,AA14,CCC1=CSC(=N1)C2=CNC=N2,,"4-ethyl-2-(1H-imidazol-4-yl)-1,3-thiazole",
Z1881545321,C10H14N2O2S,226.30,91,n/a,0,0,F14,CC1=CC(=NS1)C(=O)NCC2CCCO2,,"5-methyl-N-(oxolan-2-ylmethyl)-1,2-thiazole-3-carboxamide",
Z1816233707,C8H8N2O3,180.16,95,n/a,0,0,G14,CNC(=O)C=1C=CC=C(N1)C(=O)O,,6-(methylcarbamoyl)pyridine-2-carboxylic acid,
Z2856434778,C8H4F3NaO3,228.10,,sodium(1+) ion,1,22.99,H14,[Na+].[O-]C(=O)C=1C=CC=CC1OC(F)(F)F,,sodium 2-(trifluoromethoxy)benzoate,
Z2856434762,C7H10N2,122.17,95,n/a,0,0,I14,CN(C)C=1C=CN=CC1,,"N,N-dimethylpyridin-4-amine",
Z2856434862,C12H17NO,191.28,95,n/a,0,0,J14,CC=1C=CC=C(CN2CCOCC2)C1,,4-[(3-methylphenyl)methyl]morpholine,
Z1137725943,C11H14N2,174.25,96,n/a,0,0,K14,CCNCC=1C=CC=C2NC=CC12,,ethyl(1H-indol-4-ylmethyl)amine,
Z57478994,C4H7N3OS,145.18,,n/a,0,0,L14,COCC1=NN=C(N)S1,,"5-(methoxymethyl)-1,3,4-thiadiazol-2-amine",
Z822382694,C9H12O3S,200.26,95,n/a,0,0,M14,CS(=O)(=O)CC(O)C=1C=CC=CC1,,2-methanesulfonyl-1-phenylethan-1-ol,
Z1899842917,C9H11N3O2S,225.27,100,n/a,0,0,N14,CC1=NN(CC=2C(C)=NOC2C)C(=O)S1,,"3-[(dimethyl-1,2-oxazol-4-yl)methyl]-5-methyl-2,3-dihydro-1,3,4-thiadiazol-2-one",
Z1348371854,C11H13N3O,203.25,91,n/a,0,0,O14,N#CC=1C=CC(=CN1)N2CCCOCC2,,"5-(1,4-oxazepan-4-yl)pyridine-2-carbonitrile",
Z2856434783,C14H15ClFN,251.73,,hydrogen chloride,1,36.46,P14,Cl.FC=1C=CC(CNCC=2C=CC=CC2)=CC1,,benzyl[(4-fluorophenyl)methyl]amine hydrochloride,
Z54571979,C12H11N3O2,229.24,90,n/a,0,0,Q14,CC(=O)NC=1C=CC(OC=2N=CC=CN2)=CC1,,N-[4-(pyrimidin-2-yloxy)phenyl]acetamide,
Z2177153697,C9H13N3O,179.22,95,n/a,0,0,R14,C1CC1C2=NOC(=N2)C3CCNC3,,"3-cyclopropyl-5-(pyrrolidin-3-yl)-1,2,4-oxadiazole",
Z1849009686,C8H10FNO2S,203.24,100,n/a,0,0,S14,CC=1C=C(F)C=CC1CS(=O)(=O)N,,(4-fluoro-2-methylphenyl)methanesulfonamide,
Z1478435544,C12H13N3,199.26,,n/a,0,0,T14,CC=1C=NC=C(NCC=2C=CN=CC2)C1,,5-methyl-N-(pyridin-4-ylmethyl)pyridin-3-amine,
Z364321922,C9H8FNO3,197.17,98,n/a,0,0,U14,CC(=O)NC=1C=CC(F)=C(C1)C(=O)O,,5-acetamido-2-fluorobenzoic acid,
Z1506050651,C12H16N2O,204.27,90,n/a,0,0,V14,CN(C(=O)[C@H]1CC1(C)C)C=2C=CC=NC2,,"(1S)-N,2,2-trimethyl-N-(pyridin-3-yl)cyclopropane-1-carboxamide",
Z1874937335,C7H11NO3,157.17,100,n/a,0,0,W14,CN(C)C(=O)C1(CC1)C(=O)O,,1-(dimethylcarbamoyl)cyclopropane-1-carboxylic acid,
Z2856434892,C12H10N3NaO3,267.22,,sodium(1+) ion,1,22.99,X14,[Na+].CN1C=CC(=N1)C(=O)NC=2C=CC=C(C2)C(=O)[O-],,sodium 3-(1-methyl-1H-pyrazole-3-amido)benzoate,
Z1259155959,C6H10N2O2,142.16,95,n/a,0,0,Y14,CC=1NNC(=O)C1CCO,,"4-(2-hydroxyethyl)-5-methyl-2,3-dihydro-1H-pyrazol-3-one",
Z103740620,C9H19NO,157.26,95,n/a,0,0,Z14,CC(C)N1CCCC(CO)C1,,[1-(propan-2-yl)piperidin-3-yl]methanol,
Z31244728,C11H17N3,191.28,95,n/a,0,0,AA15,C1CCCC(CC1)NC=2N=CC=CN2,,N-cycloheptylpyrimidin-2-amine,
Z1275599911,C13H23NO,209.33,100,n/a,0,0,F15,CC(=O)N1CCCC2(C1)CCCCCC2,,1-{2-azaspiro[5.6]dodecan-2-yl}ethan-1-one,
Z85525386,C10H8N4O,200.20,100,n/a,0,0,G15,O=C(NC=1C=CC=CN1)C=2C=NC=CN2,,N-(pyridin-2-yl)pyrazine-2-carboxamide,not completely soluble at 500 mM
Z321318226,C13H13N3O2,243.27,100,n/a,0,0,H15,COC=1C=CC(NC(=O)NC=2C=CN=CC2)=CC1,,3-(4-methoxyphenyl)-1-(pyridin-4-yl)urea,
Z33452282,C15H15NO2,241.29,100,n/a,0,0,I15,CC=1C=CC(NC(=O)C=2C=CC=CC2C)=C(O)C1,,N-(2-hydroxy-4-methylphenyl)-2-methylbenzamide,
Z183344018,C10H18N4O,210.28,94,n/a,0,0,J15,CC(C)NC(=O)N(C)CC=1C=NN(C)C1,,1-methyl-1-[(1-methyl-1H-pyrazol-4-yl)methyl]-3-(propan-2-yl)urea,
Z240297434,C9H10N4O2,206.21,100,n/a,0,0,K15,CC=1C=C(ON1)C(=O)NC=2C=CN(C)N2,,"3-methyl-N-(1-methyl-1H-pyrazol-3-yl)-1,2-oxazole-5-carboxamide",
Z56259192,C9H7F2N5O,239.19,100,n/a,0,0,L15,FC=1C=CC(NC(=O)NN2C=NN=C2)=C(F)C1,,"1-(2,4-difluorophenyl)-3-(4H-1,2,4-triazol-4-yl)urea",not completely soluble at 500 mM
Z32399948,C13H22N2O2,238.33,92,n/a,0,0,M15,NC(=O)C1CCN(CC1)C(=O)C2CCCCC2,,1-cyclohexanecarbonylpiperidine-4-carboxamide,
Z354992234,C9H14ClN3OS,247.75,95,n/a,0,0,N15,CC1CN(CC=2N=NSC2Cl)C(C)CO1,,"4-[(5-chloro-1,2,3-thiadiazol-4-yl)methyl]-2,5-dimethylmorpholine",
Z969560582,C6H8N2OS,156.21,100,n/a,0,0,O15,CNC(=O)C1=CN=C(C)S1,,"N,2-dimethyl-1,3-thiazole-5-carboxamide",
Z413792090,C13H16N2O2,232.28,100,n/a,0,0,P15,O=C(NCC1CC1)NC=2C=CC=3OCCC3C2,,"3-(cyclopropylmethyl)-1-(2,3-dihydro-1-benzofuran-5-yl)urea",
Z28143241,C11H8FN3O,217.20,100,n/a,0,0,Q15,FC=1C=CC=C(NC(=O)C=2C=NC=CN2)C1,,N-(3-fluorophenyl)pyrazine-2-carboxamide,
Z2856434856,C11H14ClNO,211.69,91,n/a,0,0,R15,ClC=1C=CC=C(CN2CCOCC2)C1,,4-[(3-chlorophenyl)methyl]morpholine,
Z969560308,C12H14N2OS,234.32,98,n/a,0,0,S15,CC(C)OC=1C=CC(=CC1)C2=CSC(N)=N2,,"4-[4-(propan-2-yloxy)phenyl]-1,3-thiazol-2-amine",
Z2856434857,C11H15NOS,209.31,100,n/a,0,0,T15,OC=1C=CC=C(CN2CCSCC2)C1,,3-(thiomorpholin-4-ylmethyl)phenol,
Z332370018,C10H9N3O2,203.20,100,n/a,0,0,U15,CNC(=O)C1=NC=2C=CC=CC2C(=O)N1,,"N-methyl-4-oxo-3,4-dihydroquinazoline-2-carboxamide",not completely soluble at 500 mM
Z1251207602,C8H13N3S,183.28,100,n/a,0,0,V15,CC1=NN=C(S1)N2CCCCC2,,"1-(5-methyl-1,3,4-thiadiazol-2-yl)piperidine",
Z2241115980,C12H18N2O7S,334.35,95,oxalic acid,1,90.03,W15,CS(=O)(=O)N1CCN(CC2=CC=CO2)CC1.OC(=O)C(=O)O,,1-(furan-2-ylmethyl)-4-methanesulfonylpiperazine; oxalic acid,
Z2234920345,C11H13N5O2,247.26,100,n/a,0,0,X15,COC=1C=CC(C)=CC1NC(=O)NN2C=NN=C2,,"1-(2-methoxy-5-methylphenyl)-3-(4H-1,2,4-triazol-4-yl)urea",
Z111782404,C15H14O3,242.28,95,n/a,0,0,Y15,CC(OC=1C=CC(=CC1)C=2C=CC=CC2)C(=O)O,,2-(4-phenylphenoxy)propanoic acid,
Z1439422127,C9H15N3OS,213.30,95,n/a,0,0,Z15,CC1OCCN(C1C)C2=NC(C)=NS2,,"2,3-dimethyl-4-(3-methyl-1,2,4-thiadiazol-5-yl)morpholine",
Z1730522163,C11H12FNO2,209.22,100,n/a,0,0,AA16,CC1CN(C(=O)C)C=2C=CC=C(F)C2O1,,"1-(8-fluoro-2-methyl-3,4-dihydro-2H-1,4-benzoxazin-4-yl)ethan-1-one",
Z89385775,C12H13N3OS,247.32,100,n/a,0,0,F16,CCC=1C=CC=CC1NC(=O)C=2SN=NC2C,,"N-(2-ethylphenyl)-4-methyl-1,2,3-thiadiazole-5-carboxamide",
Z2856434806,C12H14ClN3,235.72,100,n/a,0,0,G16,ClC=1C=CC=C(C1)N2CCN(CC#N)CC2,,2-[4-(3-chlorophenyl)piperazin-1-yl]acetonitrile,
Z30485868,C14H18N2O2,246.31,99,n/a,0,0,H16,O=C(NC=1C=CC(=CC1)N2CCOCC2)C3CC3,,N-[4-(morpholin-4-yl)phenyl]cyclopropanecarboxamide,
Z1407673036,C9H13NO2S,199.27,95,n/a,0,0,I16,CC(CS(=O)(=O)N)C=1C=CC=CC1,,2-phenylpropane-1-sulfonamide,
Z31602870,C12H14N2O3,234.26,100,n/a,0,0,J16,O=C(COC=1C=CC=CC1)N2CCNC(=O)C2,,4-(2-phenoxyacetyl)piperazin-2-one,
Z383325512,C6H9N3O,139.16,91,n/a,0,0,K16,CC(=O)NCC=1C=NNC1,,N-(1H-pyrazol-4-ylmethyl)acetamide,
Z86622311,C10H7ClN2O2,222.63,98,n/a,0,0,L16,ClC=1C=CC=C(C1)C(=O)NC=2C=CON2,,"3-chloro-N-(1,2-oxazol-3-yl)benzamide",
Z59181945,C10H8N2O2,188.19,99,n/a,0,0,M16,ONC(=O)C=1C=CC=2C=CC=CC2N1,,N-hydroxyquinoline-2-carboxamide,not completely soluble at 500 mM
Z57744604,C12H13N3O2,231.26,96,n/a,0,0,N16,OC=1N=CC(NCCC=2C=CC=CC2)=C(O)N1,,"5-[(2-phenylethyl)amino]pyrimidine-2,4-diol",
Z45705015,C9H12FNO2S,217.26,91,n/a,0,0,O16,CS(=O)(=O)NCCC=1C=CC(F)=CC1,,N-[2-(4-fluorophenyl)ethyl]methanesulfonamide,
Z64450924,C8H10N2O3S,214.24,99,n/a,0,0,P16,CCOC(=O)NC=1SC=CC1C(=O)N,,ethyl N-(3-carbamoylthiophen-2-yl)carbamate,
Z1367324110,C10H14N2O2S,226.30,100,n/a,0,0,Q16,CN1CCCC=2C=CC(=CC12)S(=O)(=O)N,,"1-methyl-1,2,3,4-tetrahydroquinoline-7-sulfonamide",
Z1954800564,C8H8N2OS,180.23,98,n/a,0,0,R16,COC=1C=CC=2SC(N)=NC2C1,,"5-methoxy-1,3-benzothiazol-2-amine",
Z1639162606,C8H10FNO2S,203.24,100,n/a,0,0,S16,CNS(=O)(=O)C=1C=CC=C(C)C1F,,"2-fluoro-N,3-dimethylbenzene-1-sulfonamide",
Z1086293874,C13H16N2O3,248.28,93,n/a,0,0,T16,CC=1OC=CC1C(=O)NC=2C=C(ON2)C(C)(C)C,,"N-(5-tert-butyl-1,2-oxazol-3-yl)-2-methylfuran-3-carboxamide",
Z1328968520,C8H9N3O2S2,243.31,95,n/a,0,0,U16,CS(=O)(=O)C1=NC=CN1CC2=CSC=N2,,"4-[(2-methanesulfonyl-1H-imidazol-1-yl)methyl]-1,3-thiazole",
Z227998000,C10H18N2O3S,246.33,100,n/a,0,0,V16,CS(=O)(=O)N1CCC(CC1)C(=O)NC2CC2,,N-cyclopropyl-1-methanesulfonylpiperidine-4-carboxamide,not completely soluble at 500 mM
Z1203191681,C6H9N3O,139.16,95,n/a,0,0,W16,CC(=O)NCC1=NC=CN1,,N-(1H-imidazol-2-ylmethyl)acetamide,
Z2856434912,C15H20N2,228.34,99,n/a,0,0,X16,CC1CCN(CC2=CNC=3C=CC=CC23)CC1,,3-[(4-methylpiperidin-1-yl)methyl]-1H-indole,
Z1324853681,C8H11N3O,165.20,95,n/a,0,0,Y16,NC(=O)C1CCCN2C=CN=C12,,"5H,6H,7H,8H-imidazo[1,2-a]pyridine-8-carboxamide",
Z1119505742,C10H15N3O2S,241.31,100,n/a,0,0,Z16,COC(=O)NC1=NN=C(CC2CCCC2)S1,,"methyl N-[5-(cyclopentylmethyl)-1,3,4-thiadiazol-2-yl]carbamate",
Z30932204,C9H12N2O3S,228.27,92,n/a,0,0,AA17,CC(=O)NCC=1C=CC(=CC1)S(=O)(=O)N,,N-[(4-sulfamoylphenyl)methyl]acetamide,
Z69092635,C14H20N2O2,248.33,100,n/a,0,0,F17,CC1=NOC(C)=C1C(=O)NCCC2=CCCCC2,,"N-[2-(cyclohex-1-en-1-yl)ethyl]-3,5-dimethyl-1,2-oxazole-4-carboxamide",
Z56772132,C13H16N2O3,248.28,92,n/a,0,0,G17,COC=1C=CC(CCC2(C)NC(=O)NC2=O)=CC1,,"5-[2-(4-methoxyphenyl)ethyl]-5-methylimidazolidine-2,4-dione",
Z117233350,C11H13N3O3,235.24,100,n/a,0,0,H17,CCC1=NOC(C)=C1C(=O)NC=2C=C(C)ON2,,"3-ethyl-5-methyl-N-(5-methyl-1,2-oxazol-3-yl)-1,2-oxazole-4-carboxamide",
Z90122368,C7H13N3O2,171.20,92,n/a,0,0,I17,CC(=O)N1CCN(CC1)C(=O)N,,4-acetylpiperazine-1-carboxamide,
Z1203107138,C13H14FN3O,247.27,100,n/a,0,0,J17,CCN1C=C(C=N1)C(=O)NCC=2C=CC(F)=CC2,,1-ethyl-N-[(4-fluorophenyl)methyl]-1H-pyrazole-4-carboxamide,
Z29634868,C14H14O4,246.27,95,n/a,0,0,K17,CCCC1=CC(=O)OC=2C=C(OC(=O)C)C=CC12,,2-oxo-4-propyl-2H-chromen-7-yl acetate,
Z2856434926,C9H13NO3S,215.27,100,n/a,0,0,L17,O=S1(=O)CCN(CC2=CC=CO2)CC1,,"4-(furan-2-ylmethyl)-1??-thiomorpholine-1,1-dione",
Z126933926,C14H18N2O2,246.31,98,n/a,0,0,M17,CC(=O)C=1C=CC(=CC1)N2CCC(CC2)C(=O)N,,1-(4-acetylphenyl)piperidine-4-carboxamide,not completely soluble at 500 mM
Z57515803,C13H10ClNO2,247.68,100,n/a,0,0,N17,ClC=1C=CC(COC(=O)C=2C=CC=NC2)=CC1,,(4-chlorophenyl)methyl pyridine-3-carboxylate,
Z56785490,C10H14N2O,178.24,100,n/a,0,0,O17,NC=1C=CC=CC1N2CCOCC2,,2-(morpholin-4-yl)aniline,
Z2856434866,C13H25NO,211.35,91,n/a,0,0,P17,CCC1CCC(CC1)NC[C@H]2CCCO2,,4-ethyl-N-[(2R)-oxolan-2-ylmethyl]cyclohexan-1-amine,
Z26781952,C12H15N3O,217.27,99,n/a,0,0,Q17,CCCC(=O)NCC1=NC=2C=CC=CC2N1,,"N-(1H-1,3-benzodiazol-2-ylmethyl)butanamide",
Z2064107709,C13H12N2OS,244.32,100,n/a,0,0,R17,O=C(NC1=NC=CS1)[C@@H]2C[C@H]2C=3C=CC=CC3,,"(1R,2R)-2-phenyl-N-(1,3-thiazol-2-yl)cyclopropane-1-carboxamide",
Z56792776,C12H15F3N2,244.26,91,n/a,0,0,S17,NC=1C=C(C=CC1N2CCCCC2)C(F)(F)F,,2-(piperidin-1-yl)-5-(trifluoromethyl)aniline,
Z293079056,C7H8O3,140.14,97,n/a,0,0,T17,CCOC(=O)C=1C=COC1,,ethyl furan-3-carboxylate,
Z111716368,C14H19N3O,245.33,100,n/a,0,0,U17,CC(C)(C)C(=O)NCCC1=NC=2C=CC=CC2N1,,"N-[2-(1H-1,3-benzodiazol-2-yl)ethyl]-2,2-dimethylpropanamide",not completely soluble at 500 mM
Z57261895,C10H16N4O,208.27,100,n/a,0,0,V17,O=C(CC1CCCCC1)NN2C=NN=C2,,"2-cyclohexyl-N-(4H-1,2,4-triazol-4-yl)acetamide",
Z2856434895,C12H14N2O2,218.26,91,n/a,0,0,W17,CN(C)CCN1C(=O)C=2C=CC=CC2C1=O,,"2-[2-(dimethylamino)ethyl]-2,3-dihydro-1H-isoindole-1,3-dione",
Z57791725,C9H8N2O,160.18,99,n/a,0,0,X17,CC1=NC(=NO1)C=2C=CC=CC2,,"5-methyl-3-phenyl-1,2,4-oxadiazole",
Z2735692823,C12H15ClN2O,238.72,100,n/a,0,0,Y17,ClC=1C=CC=C(NC(=O)CN2CCCC2)C1,,N-(3-chlorophenyl)-2-(pyrrolidin-1-yl)acetamide,
Z1430613384,C12H11NO3,217.23,90,n/a,0,0,Z17,CC=1C=CC(NC(=O)C2=CC=CO2)=CC1O,,N-(3-hydroxy-4-methylphenyl)furan-2-carboxamide,
Z1904249627,C10H14N2OS,210.30,100,n/a,0,0,AA18,CNC(=O)C1CCCC=2SC(C)=NC12,,"N,2-dimethyl-4,5,6,7-tetrahydro-1,3-benzothiazole-4-carboxamide",
Z1741815708,C8H18N2,142.25,95,n/a,0,0,F18,CC1(C)CCCN1CCN,,"2-(2,2-dimethylpyrrolidin-1-yl)ethan-1-amine",
Z2856434839,C7H15Cl2N3,212.12,95,hydrogen chloride,2,36.46,G18,Cl.Cl.CCN1N=CC=C1CNC,,[(1-ethyl-1H-pyrazol-5-yl)methyl](methyl)amine dihydrochloride,
Z1407672867,C7H9N3O,151.17,,n/a,0,0,H18,NC(=O)C1=CNC(=N1)C2CC2,,2-cyclopropyl-1H-imidazole-4-carboxamide,
Z1259162160,C8H13NO3,171.20,95,n/a,0,0,I18,CC(=O)NC(C)(C1CC1)C(=O)O,,2-cyclopropyl-2-acetamidopropanoic acid,
Z2442270563,C11H17N3O,207.28,100,n/a,0,0,J18,C(C1CCNCC1)C2=NC(=NO2)C3CC3,,"4-[(3-cyclopropyl-1,2,4-oxadiazol-5-yl)methyl]piperidine",
Z1454310449,C10H10FN3,191.21,100,n/a,0,0,K18,FC=1C=CC=CC1CNC=2C=NNC2,,N-[(2-fluorophenyl)methyl]-1H-pyrazol-4-amine,
Z1268152398,C6H7F3N2O,180.13,,n/a,0,0,L18,CCN1N=C(CC1=O)C(F)(F)F,,"1-ethyl-3-(trifluoromethyl)-4,5-dihydro-1H-pyrazol-5-one",
Z1229798311,C9H8FNO3,197.17,95,n/a,0,0,M18,CC(=O)NC=1C=CC=C(F)C1C(=O)O,,2-acetamido-6-fluorobenzoic acid,
Z2856434901,C9H19N,141.26,100,n/a,0,0,N18,CNCCC1CCCCC1,,(2-cyclohexylethyl)(methyl)amine,
Z1328078283,C12H22N2O,210.32,100,n/a,0,0,O18,CC1(C)CN(C(=O)NCC2CC2)C1(C)C,,"N-(cyclopropylmethyl)-2,2,3,3-tetramethylazetidine-1-carboxamide",
Z31432964,C10H18N2O2,198.27,,n/a,0,0,P18,CN1CCN(CC1)C(=O)C2CCCO2,,1-methyl-4-(oxolane-2-carbonyl)piperazine,
Z1259341012,C12H18N2O,206.29,95,n/a,0,0,Q18,CC(N)C=1C=CC(=CC1)N2CCOCC2,,1-[4-(morpholin-4-yl)phenyl]ethan-1-amine,
Z1918536193,C8H7ClN4O,210.62,95,n/a,0,0,R18,CN1C=C(OC=2N=CN=CC2Cl)C=N1,,5-chloro-4-[(1-methyl-1H-pyrazol-4-yl)oxy]pyrimidine,
Z2377835233,C10H17ClN4O,244.73,95,hydrogen chloride,1,36.46,S18,Cl.CN1C=C(C(=O)N)C(=N1)C2CCCNC2,,1-methyl-3-(piperidin-3-yl)-1H-pyrazole-4-carboxamide hydrochloride,
Z276351322,C14H10N2O2,238.25,,n/a,0,0,T18,OC=1C=CC=CC1C2=NC(=NO2)C=3C=CC=CC3,,"2-(3-phenyl-1,2,4-oxadiazol-5-yl)phenol",not completely soluble at 500 mM
Z1259341037,C8H12N2,136.20,100,n/a,0,0,U18,CC(C)NC=1C=CC=NC1,,N-(propan-2-yl)pyridin-3-amine,
Z2856434770,C8H10ClN,155.63,92,n/a,0,0,V18,CNCC=1C=CC=C(Cl)C1,,[(3-chlorophenyl)methyl](methyl)amine,
Z1551688335,C9H12N2O2,180.21,95,n/a,0,0,W18,CC(O)C(=O)NCC=1C=CC=CN1,,2-hydroxy-N-(pyridin-2-ylmethyl)propanamide,
Z1818332938,C9H16ClF3N2O,260.69,,hydrogen chloride,1,36.46,X18,Cl.N[C@@H]1CCCN(C1)C(=O)CCC(F)(F)F,,"1-[(3R)-3-aminopiperidin-1-yl]-4,4,4-trifluorobutan-1-one hydrochloride",
Z2856434814,C10H15NO,165.24,95,n/a,0,0,Y18,CCN(CC)C=1C=CC=C(O)C1,,3-(diethylamino)phenol,
Z29191465,C13H19NOS,237.37,100,n/a,0,0,Z18,O=C(NCCC1=CC=CS1)C2CCCCC2,,N-[2-(thiophen-2-yl)ethyl]cyclohexanecarboxamide,
Z135394292,C8H12N2O2,168.20,91,n/a,0,0,AA19,CC(C)NC(=O)C1=CC(C)=NO1,,"3-methyl-N-(propan-2-yl)-1,2-oxazole-5-carboxamide",
Z373768900,C10H15N3O,193.25,90,n/a,0,0,F19,CCN1C=C(NC(=O)C2CCC2)C=N1,,N-(1-ethyl-1H-pyrazol-4-yl)cyclobutanecarboxamide,
Z19739650,C10H10N2O2,190.20,97,n/a,0,0,G19,CC(OC=1C=CC(C#N)=CC1)C(=O)N,,2-(4-cyanophenoxy)propanamide,
Z192955056,C12H15FN2O2,238.26,100,n/a,0,0,H19,COC(=O)N1CCN(CC1)C=2C=CC(F)=CC2,,methyl 4-(4-fluorophenyl)piperazine-1-carboxylate,
Z19727416,C9H10ClNO2,199.64,100,n/a,0,0,I19,CC(OC=1C=CC(Cl)=CC1)C(=O)N,,2-(4-chlorophenoxy)propanamide,
Z2856434900,C7H15NO,129.20,95,n/a,0,0,J19,CC(C)(C)N1CC(O)C1,,1-tert-butylazetidin-3-ol,
Z300245038,C8H11FN2O2S,218.25,100,n/a,0,0,K19,CN(CC=1C=CC=C(F)C1)S(=O)(=O)N,,N-[(3-fluorophenyl)methyl]-N-methylaminosulfonamide,
Z2064898127,C10H18N2O3,214.27,100,n/a,0,0,L19,O=C(NC[C@H]1CCCO1)N2CCOCC2,,N-[(2R)-oxolan-2-ylmethyl]morpholine-4-carboxamide,
Z281077318,C13H16N2O3,248.28,100,n/a,0,0,M19,COC(=O)C=1C=CC=CC1NC(=O)N2CCCC2,,methyl 2-[(pyrrolidine-1-carbonyl)amino]benzoate,not completely soluble at 500 mM
Z2856434894,C12H20N2,192.31,95,n/a,0,0,N19,CC(C)NCC=1C=CC(=CC1)N(C)C,,"N,N-dimethyl-4-{[(propan-2-yl)amino]methyl}aniline",
Z48852953,C9H14N2OS,198.29,100,n/a,0,0,O19,CC1=CSC(NCC2CCCO2)=N1,,"4-methyl-N-(oxolan-2-ylmethyl)-1,3-thiazol-2-amine",
Z2293643386,C8H13NO4,187.20,98,n/a,0,0,P19,CC(=O)N1CCCC(O)(C1)C(=O)O,,1-acetyl-3-hydroxypiperidine-3-carboxylic acid,
Z19735067,C12H14FNO2,223.25,100,n/a,0,0,Q19,FC=1C=CC(OCC(=O)N2CCCC2)=CC1,,2-(4-fluorophenoxy)-1-(pyrrolidin-1-yl)ethan-1-one,
Z31217395,C12H17N3O2,235.29,100,n/a,0,0,R19,CCOC(=O)C1CCN(CC1)C=2C=NC=CN2,,ethyl 1-(pyrazin-2-yl)piperidine-4-carboxylate,
Z381729066,C7H11N3O,153.19,95,n/a,0,0,S19,CC(C)NC(=O)C=1C=CNN1,,N-(propan-2-yl)-1H-pyrazole-3-carboxamide,not completely soluble at 500 mM
Z1250132544,C9H11FO2,170.19,95,n/a,0,0,T19,CC(O)COC=1C=CC=C(F)C1,,1-(3-fluorophenoxy)propan-2-ol,
Z30820160,C7H10N2OS,170.23,100,n/a,0,0,U19,CCC(=O)NC1=NC(C)=CS1,,"N-(4-methyl-1,3-thiazol-2-yl)propanamide",
Z216450634,C9H19NO2S,205.32,91,n/a,0,0,V19,CN(C1CCCCCC1)S(=O)(=O)C,,N-cycloheptyl-N-methylmethanesulfonamide,
Z272156568,C8H10N2O2,166.18,100,n/a,0,0,W19,CCOC=1N=CC=CC1C(=O)N,,2-ethoxypyridine-3-carboxamide,
Z90504169,C10H19NO,169.27,100,n/a,0,0,X19,C(NC1CCCC1)C2CCCO2,,N-(oxolan-2-ylmethyl)cyclopentanamine,
Z26968795,C10H12ClNO3,229.67,97,n/a,0,0,Y19,COC=1C=C(NC(=O)C)C(OC)=CC1Cl,,"N-(4-chloro-2,5-dimethoxyphenyl)acetamide",
Z768399682,C9H13N3O2S,227.29,91,n/a,0,0,Z19,CC1CN(C(C)CO1)C(=O)C=2C=NSN2,,"2,5-dimethyl-4-(1,2,5-thiadiazole-3-carbonyl)morpholine",
Z44590919,C9H17N3O2,199.25,100,n/a,0,0,AA20,CCNC(=O)N1CCN(CC1)C(=O)C,,4-acetyl-N-ethylpiperazine-1-carboxamide,
Z275156196,C6H6F3N3OS,225.19,100,n/a,0,0,F20,CCC1=NN=C(NC(=O)C(F)(F)F)S1,,"N-(5-ethyl-1,3,4-thiadiazol-2-yl)-2,2,2-trifluoroacetamide",
Z1432018343,C8H10ClFN2O,204.63,93,n/a,0,0,G20,C[C@@H](CO)NC=1N=CC(Cl)=CC1F,,(2S)-2-[(5-chloro-3-fluoropyridin-2-yl)amino]propan-1-ol,
Z57614330,C10H14N2O3S,242.30,100,n/a,0,0,H20,CCNC(=O)C=1C=CC(NS(=O)(=O)C)=CC1,,N-ethyl-4-methanesulfonamidobenzamide,
Z2527301677,C10H13ClN4,224.69,95,hydrogen chloride,1,36.46,I20,Cl.CC(N)C1=CN(N=N1)C=2C=CC=CC2,,"1-(1-phenyl-1H-1,2,3-triazol-4-yl)ethan-1-amine hydrochloride",
Z108545814,C12H12N2O3,232.24,100,n/a,0,0,J20,CCC(=O)NC1=C(OC=2C=CC=CC12)C(=O)N,,3-propanamido-1-benzofuran-2-carboxamide,
Z2142244288,C9H12FNO2S,217.26,91,n/a,0,0,K20,CCNC=1C=CC(=CC1F)S(=O)(=O)C,,N-ethyl-2-fluoro-4-methanesulfonylaniline,
Z1331830630,C12H17NO2,207.27,100,n/a,0,0,L20,CCC(CC)C(=O)NC=1C=CC=CC1O,,2-ethyl-N-(2-hydroxyphenyl)butanamide,
Z281802060,C6H9N3O,139.16,100,n/a,0,0,M20,CNC=1N=CC=C(OC)N1,,4-methoxy-N-methylpyrimidin-2-amine,
Z57190020,C14H14N2O2,242.28,100,n/a,0,0,N20,COC(=O)NC=1C=CC(CC=2C=CN=CC2)=CC1,,methyl N-[4-(pyridin-4-ylmethyl)phenyl]carbamate,
Z1373445602,C10H12FN3O,209.23,100,n/a,0,0,O20,CN1CCN(CC1=O)C=2N=CC=CC2F,,4-(3-fluoropyridin-2-yl)-1-methylpiperazin-2-one,
Z68639747,C11H13N3O,203.25,99,n/a,0,0,P20,CCN1C(NC(=O)C)=NC=2C=CC=CC12,,"N-(1-ethyl-1H-1,3-benzodiazol-2-yl)acetamide",
Z1492796719,C11H14N2O,190.25,100,n/a,0,0,Q20,CC(=O)NC1CNC=2C=CC=CC2C1,,"N-(1,2,3,4-tetrahydroquinolin-3-yl)acetamide",
Z45515569,C11H14N2O2S,238.31,99,n/a,0,0,R20,CN(CCC#N)S(=O)(=O)C=1C=CC(C)=CC1,,2-cyano-N-methyl-S-(4-methylphenyl)ethane-1-sulfonamido,
Z803153598,C10H17Cl2N3OS,298.24,95,hydrogen chloride,2,36.46,S20,Cl.Cl.CC=1N=CSC1C(=O)N2CCCNCC2,,"1-(4-methyl-1,3-thiazole-5-carbonyl)-1,4-diazepane dihydrochloride",not completely soluble at 500 mM
Z275151340,C10H14ClN3O,227.70,99,n/a,0,0,T20,CN1C=C(Cl)C(=N1)C(=O)NC2CCCC2,,4-chloro-N-cyclopentyl-1-methyl-1H-pyrazole-3-carboxamide,
Z53825177,C8H10FNO2S,203.24,100,n/a,0,0,U20,CCS(=O)(=O)NC=1C=CC=CC1F,,N-(2-fluorophenyl)ethane-1-sulfonamide,
Z1688504114,C9H12N4O,192.22,99,n/a,0,0,V20,CC1=NN(C)C(C)=C1NC(=O)CC#N,,2-cyano-N-(trimethyl-1H-pyrazol-4-yl)acetamide,
Z359352902,C8H12ClNO3,205.64,95,hydrogen chloride,1,36.46,W20,Cl.CN(C)CC1=CC=C(O1)C(=O)O,,5-[(dimethylamino)methyl]furan-2-carboxylic acid hydrochloride,
Z57299526,C12H11N3O,213.24,100,n/a,0,0,X20,C(NC1=NC=2C=CC=CC2N1)C3=CC=CO3,,"N-(furan-2-ylmethyl)-1H-1,3-benzodiazol-2-amine",
Z1507502062,C11H13NO2,191.23,100,n/a,0,0,Y20,COC=1C=CC=C2NC(=O)CCCC12,,"6-methoxy-2,3,4,5-tetrahydro-1H-1-benzazepin-2-one",
Z296054478,C12H9N5O,239.24,98,n/a,0,0,Z20,O=C(NC=1C=CC=NC1)C=2C=NN3C=CC=NC23,,"N-(pyridin-3-yl)pyrazolo[1,5-a]pyrimidine-3-carboxamide",not completely soluble at 500 mM
Z56837087,C9H7ClN2O,194.62,92,n/a,0,0,AA21,ClC=1C=CC(NC(=O)CC#N)=CC1,,N-(4-chlorophenyl)-2-cyanoacetamide,
Z68299550,C11H14ClNO2,227.69,100,n/a,0,0,F21,CC(C)(CO)NC(=O)C=1C=CC=C(Cl)C1,,3-chloro-N-(1-hydroxy-2-methylpropan-2-yl)benzamide,
Z44585920,C15H22N2O,246.36,92,n/a,0,0,G21,O=C(NCCC=1C=CC=CC1)NC2CCCCC2,,1-cyclohexyl-3-(2-phenylethyl)urea,
Z53836105,C9H8F2O2,186.16,100,n/a,0,0,H21,CCOC(=O)C=1C=CC(F)=CC1F,,"ethyl 2,4-difluorobenzoate",
Z126932614,C9H10N2O2S,210.26,100,n/a,0,0,I21,CS(=O)(=O)CC1=NC=2C=CC=CC2N1,,"2-(methanesulfonylmethyl)-1H-1,3-benzodiazole",
Z44584192,C12H18N2O2,222.29,98,n/a,0,0,J21,O=C(NCC1=CC=CO1)NC2CCCCC2,,1-cyclohexyl-3-(furan-2-ylmethyl)urea,
Z2856434855,C15H21N3,243.35,100,n/a,0,0,K21,CN1C(CNC2CCCCC2)=NC=3C=CC=CC13,,"N-[(1-methyl-1H-1,3-benzodiazol-2-yl)methyl]cyclohexanamine",not completely soluble at 500 mM
Z1152242726,C11H11N3O2S,249.29,100,n/a,0,0,L21,COC=1C=CC(NC(=O)NC2=CC=CS2)=CN1,,1-(6-methoxypyridin-3-yl)-3-(thiophen-2-yl)urea,
Z126932654,C10H15Cl2N3O,264.16,100,hydrogen chloride,2,36.46,M21,Cl.Cl.O=C(N1CCNCC1)C=2C=CN=CC2,,1-(pyridine-4-carbonyl)piperazine dihydrochloride,not completely soluble at 500 mM
Z1430613393,C14H12FNO2,245.26,95,n/a,0,0,N21,CC=1C=CC(NC(=O)C=2C=CC=C(F)C2)=CC1O,,3-fluoro-N-(3-hydroxy-4-methylphenyl)benzamide,
Z56813508,C9H14N2O,166.22,92,n/a,0,0,O21,O=C(CC#N)NC1CCCCC1,,2-cyano-N-cyclohexylacetamide,
Z31697001,C9H10ClNO2,199.64,99,n/a,0,0,P21,CCOC(=O)NC=1C=CC=C(Cl)C1,,ethyl N-(3-chlorophenyl)carbamate,
Z26824727,C9H9N5OS,235.27,100,n/a,0,0,Q21,CCC1=NN=C(NC(=O)C=2C=NC=CN2)S1,,"N-(5-ethyl-1,3,4-thiadiazol-2-yl)pyrazine-2-carboxamide",not completely soluble at 500 mM
Z57475877,C7H13N5O,183.21,100,n/a,0,0,R21,CCCC(=O)NC=1N=NN(CC)N1,,"N-(2-ethyl-2H-1,2,3,4-tetrazol-5-yl)butanamide",
Z26769872,C13H12FNO2,233.24,92,n/a,0,0,S21,FC=1C=CC(CCNC(=O)C2=CC=CO2)=CC1,,N-[2-(4-fluorophenyl)ethyl]furan-2-carboxamide,
Z1623890017,C11H13N3OS,235.31,98,n/a,0,0,T21,C1CCN(CC1)C2=NOC(=N2)C3=CC=CS3,,"1-[5-(thiophen-2-yl)-1,2,4-oxadiazol-3-yl]piperidine",
Z28290384,C14H12FNO2,245.26,100,n/a,0,0,U21,COC=1C=CC=C(C1)C(=O)NC=2C=CC=CC2F,,N-(2-fluorophenyl)-3-methoxybenzamide,
Z32400357,C14H18N2O2,246.31,100,n/a,0,0,V21,CC=1C=CC=C(C1)C(=O)N2CCC(CC2)C(=O)N,,1-(3-methylbenzoyl)piperidine-4-carboxamide,
Z56827661,C10H11NO3,193.20,95,n/a,0,0,W21,CC=1C=CC=C(C1)C(=O)NCC(=O)O,,2-[(3-methylphenyl)formamido]acetic acid,
Z2856434879,C14H17N3,227.31,93,n/a,0,0,X21,CC=1NC=NC1CN2CCC=3C=CC=CC3C2,,"2-[(5-methyl-1H-imidazol-4-yl)methyl]-1,2,3,4-tetrahydroisoquinoline",
Z190662888,C11H12N2O2,204.23,100,n/a,0,0,Y21,COC=1C=CC(CNC(=O)CC#N)=CC1,,2-cyano-N-[(4-methoxyphenyl)methyl]acetamide,
Z19735981,C12H15NO2,205.26,100,n/a,0,0,Z21,O=C(COC=1C=CC=CC1)N2CCCC2,,2-phenoxy-1-(pyrrolidin-1-yl)ethan-1-one,
Z373221060,C8H9N5,175.19,100,n/a,0,0,AA22,C1CN(C1)C=2N=CN=C3N=CNC23,,6-(azetidin-1-yl)-7H-purine,not completely soluble at 500 mM
Z363104204,C12H11FN2O2,234.23,100,n/a,0,0,F22,CNC(=O)C1=C(C)ON=C1C=2C=CC(F)=CC2,,"3-(4-fluorophenyl)-N,5-dimethyl-1,2-oxazole-4-carboxamide",
Z2447286438,C12H17ClN2O,240.74,100,hydrogen chloride,1,36.46,G22,Cl.CN(C(=O)C1CCNC1)C=2C=CC=CC2,,N-methyl-N-phenylpyrrolidine-3-carboxamide hydrochloride,
Z2697514548,C9H9N3O,175.19,,n/a,0,0,H22,CN1N=C(C(=O)N)C=2C=CC=CC12,,1-methyl-1H-indazole-3-carboxamide,
Z1262246195,C7H12ClF3N2O,232.63,95,hydrogen chloride,1,36.46,I22,Cl.FC(F)(F)CC(=O)N1CCNCC1,,"3,3,3-trifluoro-1-(piperazin-1-yl)propan-1-one hydrochloride",
Z2856434776,C8H8F3NO,191.15,99,n/a,0,0,J22,NCC=1C=CC=CC1OC(F)(F)F,,[2-(trifluoromethoxy)phenyl]methanamine,
Z1896598013,C8H10N4OS,210.26,100,n/a,0,0,K22,CCC1=CC(=O)N2N=C(NC)SC2=N1,,"7-ethyl-2-(methylamino)-5H-[1,3,4]thiadiazolo[3,2-a]pyrimidin-5-one",not completely soluble at 500 mM
Z2856434786,C7H11ClN2,158.63,,hydrogen chloride,1,36.46,L22,Cl.CNCC=1C=CN=CC1,,methyl(pyridin-4-ylmethyl)amine hydrochloride,
Z274575916,C10H16N4,192.27,95,n/a,0,0,M22,CC=1C=C(N=C(C)N1)N2CCNCC2,,"2,4-dimethyl-6-(piperazin-1-yl)pyrimidine",
Z1373430305,C11H15FN2O,210.25,100,n/a,0,0,N22,FC=1C=CC=NC1NCC2CCOCC2,,3-fluoro-N-(oxan-4-ylmethyl)pyridin-2-amine,
Z2027049478,C5H4N4S,152.18,100,n/a,0,0,O22,C1=CSC(=N1)C2=NN=CN2,,"3-(1,3-thiazol-2-yl)-4H-1,2,4-triazole",
Z2856434938,C12H17ClN2O,240.74,,hydrogen chloride,1,36.46,P22,Cl.COC=1C=CC=2NC=C(CN(C)C)C2C1,,[(5-methoxy-1H-indol-3-yl)methyl]dimethylamine hydrochloride,
Z2241963319,C13H25NO,211.35,95,n/a,0,0,Q22,CC1CCC(CC1)NC2CCC(O)CC2,,4-[(4-methylcyclohexyl)amino]cyclohexan-1-ol,not completely soluble at 500 mM
Z57328997,C14H14FNO,231.27,98,n/a,0,0,R22,COC=1C=CC(NCC=2C=CC(F)=CC2)=CC1,,N-[(4-fluorophenyl)methyl]-4-methoxyaniline,
Z1741966151,C7H16N2O2S,192.28,100,n/a,0,0,S22,CS(=O)(=O)NCC1CCNCC1,,N-(piperidin-4-ylmethyl)methanesulfonamide,
Z1259086950,C12H17NO2,207.27,,n/a,0,0,T22,OCC1CN(CC=2C=CC=CC2)CCO1,,(4-benzylmorpholin-2-yl)methanol,
Z1262398388,C10H8ClN3,205.65,100,n/a,0,0,U22,NC=1N=CN=CC1C=2C=CC(Cl)=CC2,,5-(4-chlorophenyl)pyrimidin-4-amine,not completely soluble at 500 mM
Z31190928,C7H11N3,137.19,95,n/a,0,0,V22,CC(C)NC=1N=CC=CN1,,N-(propan-2-yl)pyrimidin-2-amine,
Z210803634,C10H16ClNO,201.70,95,hydrogen chloride,1,36.46,W22,Cl.CCOC=1C=CC(=CC1)C(C)N,,1-(4-ethoxyphenyl)ethan-1-amine hydrochloride,
Z1324080698,C7H8FNO2S,189.21,,n/a,0,0,X22,CC=1C=C(F)C=C(C1)S(=O)(=O)N,,3-fluoro-5-methylbenzene-1-sulfonamide,
Z2856434899,C10H15NOS,197.30,95,n/a,0,0,Y22,OC1CCN(CC=2C=CSC2)CC1,,1-(thiophen-3-ylmethyl)piperidin-4-ol,
Z1103351268,C9H19NO2,173.26,95,n/a,0,0,Z22,CC(C)(O)CNC1CCOCC1,,2-methyl-1-[(oxan-4-yl)amino]propan-2-ol,
Z431807512,C8H17N3O3S,235.31,91,n/a,0,0,AA23,CC(C)N(C)S(=O)(=O)N1CCNC(=O)C1,,N-methyl-3-oxo-N-(propan-2-yl)piperazine-1-sulfonamide,
Z2856434791,C11H14FNO,195.24,95,n/a,0,0,F23,FC=1C=CC=C(CN2CCOCC2)C1,,4-[(3-fluorophenyl)methyl]morpholine,
Z111529496,C11H13N3O2,219.25,91,n/a,0,0,G23,COCC(=O)NCC1=NC=2C=CC=CC2N1,,"N-(1H-1,3-benzodiazol-2-ylmethyl)-2-methoxyacetamide",
Z1139246057,C10H16N4,192.27,100,n/a,0,0,H23,CNC1CCCN(C1)C=2C=CC=NN2,,N-methyl-1-(pyridazin-3-yl)piperidin-3-amine,
Z30871350,C13H13N3O2,243.27,100,n/a,0,0,I23,COC=1C=CC(CNC(=O)C=2C=NC=CN2)=CC1,,N-[(4-methoxyphenyl)methyl]pyrazine-2-carboxamide,not completely soluble at 500 mM
Z419995480,C14H19NO2,233.31,91,n/a,0,0,J23,O=C(CCCC=1C=CC=CC1)N2CCOCC2,,1-(morpholin-4-yl)-4-phenylbutan-1-one,
Z729726784,C10H15N3O2,209.25,99,n/a,0,0,K23,CC1=NOC(NC(=O)CC2CCCC2)=N1,,"2-cyclopentyl-N-(3-methyl-1,2,4-oxadiazol-5-yl)acetamide",
Z1350579414,C8H13N3O,167.21,95,n/a,0,0,L23,CCC1=NC(=NO1)C2CCCN2,,"5-ethyl-3-(pyrrolidin-2-yl)-1,2,4-oxadiazole",
Z26251905,C11H13N3O,203.25,97,n/a,0,0,M23,CC=1C=C2N=CN(CC(=O)N)C2=CC1C,,"2-(5,6-dimethyl-1H-1,3-benzodiazol-1-yl)acetamide",
Z316425948,C9H14F3NO,209.21,91,n/a,0,0,N23,CC1CCN(CC1)C(=O)CC(F)(F)F,,"3,3,3-trifluoro-1-(4-methylpiperidin-1-yl)propan-1-one",
Z955369596,C10H12BrNO2,258.12,91,n/a,0,0,O23,COC=1C=CC(Br)=CC1CNC(=O)C,,N-[(5-bromo-2-methoxyphenyl)methyl]acetamide,
Z31721097,C7H13NO3,159.19,95,n/a,0,0,P23,CCOC(=O)N1CCOCC1,,ethyl morpholine-4-carboxylate,
Z26548228,C15H18N2O,242.32,95,n/a,0,0,Q23,O=C(CCC1CCCC1)NC=2C=CC=C(C#N)C2,,N-(3-cyanophenyl)-3-cyclopentylpropanamide,
Z52314092,C11H15NO,177.25,91,n/a,0,0,R23,CC(=O)NCCC=1C=CC=CC1C,,N-[2-(2-methylphenyl)ethyl]acetamide,
Z54226006,C11H11F2NO,211.21,91,n/a,0,0,S23,FC=1C=CC=C(F)C1C(=O)N2CCCC2,,"1-(2,6-difluorobenzoyl)pyrrolidine",
Z1263811695,C7H16N2O,144.22,100,n/a,0,0,T23,CC1COCCN1CCN,,2-(3-methylmorpholin-4-yl)ethan-1-amine,
Z27678561,C12H12N2O2S,248.31,91,n/a,0,0,U23,COC=1C=CC=2N=C(NC(=O)C3CC3)SC2C1,,"N-(6-methoxy-1,3-benzothiazol-2-yl)cyclopropanecarboxamide",
Z369936976,C10H15N3O2,209.25,100,n/a,0,0,V23,CN(CC=1C=C(C)ON1)C(=O)NC2CC2,,"3-cyclopropyl-1-methyl-1-[(5-methyl-1,2-oxazol-3-yl)methyl]urea",
Z28290321,C14H12FNO2,245.26,95,n/a,0,0,W23,COC=1C=CC(=CC1)C(=O)NC=2C=CC=CC2F,,N-(2-fluorophenyl)-4-methoxybenzamide,
Z1362754425,C7H12N2O,140.19,95,n/a,0,0,X23,CC(O)CN1C=CN=C1C,,1-(2-methyl-1H-imidazol-1-yl)propan-2-ol,
Z219104216,C8H9N3,147.18,97,n/a,0,0,Y23,CCNC=1C=CC(C#N)=CN1,,6-(ethylamino)pyridine-3-carbonitrile,
Z355728146,C10H20N2O2,200.28,90,n/a,0,0,Z23,CCNC(=O)CN1CC(C)OCC1C,,"2-(2,5-dimethylmorpholin-4-yl)-N-ethylacetamide",
Z1134240160,C7H11N3OS2,217.31,100,n/a,0,0,AA24,CC(C)SC1=NN=C(NC(=O)C)S1,,"N-[5-(propan-2-ylsulfanyl)-1,3,4-thiadiazol-2-yl]acetamide",
Z57292378,C11H9N5O2,243.23,100,n/a,0,0,F24,CN1N=NC(NC(=O)C2=CC=3C=CC=CC3O2)=N1,,"N-(2-methyl-2H-1,2,3,4-tetrazol-5-yl)-1-benzofuran-2-carboxamide",
Z1515654336,C6H7F2N3O,175.14,100,n/a,0,0,G24,CN1C=C(C(=O)N)C(=N1)C(F)F,,3-(difluoromethyl)-1-methyl-1H-pyrazole-4-carboxamide,
Z275179758,C10H11N3O2,205.22,100,n/a,0,0,H24,CN1C=C(CNC(=O)C2=CC=CO2)C=N1,,N-[(1-methyl-1H-pyrazol-4-yl)methyl]furan-2-carboxamide,
Z1509882419,C6H11N3O2S,189.24,100,n/a,0,0,I24,CC(C)N1C=NC(=C1)S(=O)(=O)N,,1-(propan-2-yl)-1H-imidazole-4-sulfonamide,
Z165063492,C11H17N3OS,239.34,100,n/a,0,0,J24,CCC(=O)NC1=NN=C(S1)C2CCCCC2,,"N-(5-cyclohexyl-1,3,4-thiadiazol-2-yl)propanamide",not completely soluble at 500 mM
Z65532537,C9H9FO3,184.17,100,n/a,0,0,K24,CC(OC=1C=CC=CC1F)C(=O)O,,2-(2-fluorophenoxy)propanoic acid,
Z275179946,C10H14ClN3O,227.70,100,n/a,0,0,L24,CN1N=CC(Cl)=C1C(=O)N2CCCCC2,,1-(4-chloro-1-methyl-1H-pyrazole-5-carbonyl)piperidine,
Z1444783243,C10H11NO3,193.20,97,n/a,0,0,M24,CC(=O)NC=1C=CC=CC1CC(=O)O,,2-(2-acetamidophenyl)acetic acid,
Z2856434887,C11H15NO2,193.25,100,n/a,0,0,N24,OC=1C=CC=CC1CN2CCOCC2,,2-(morpholin-4-ylmethyl)phenol,
Z1693429442,C14H15N3O,241.30,98,n/a,0,0,O24,CC=1C=C(C)N=C(NC(=O)NC=2C=CC=CC2)C1,,"3-(4,6-dimethylpyridin-2-yl)-1-phenylurea",
Z45641455,C13H13NO2S,247.32,95,n/a,0,0,P24,CS(=O)(=O)NC=1C=CC(=CC1)C=2C=CC=CC2,,N-(4-phenylphenyl)methanesulfonamide,
Z1348559502,C7H14N2O,142.20,95,n/a,0,0,Q24,CNC1(CCCC1)C(=O)N,,1-(methylamino)cyclopentane-1-carboxamide,
Z2856434846,C8H14N4OS,214.29,100,n/a,0,0,R24,CCC1=NN=C(NC(=O)CN(C)C)S1,,"2-(dimethylamino)-N-(5-ethyl-1,3,4-thiadiazol-2-yl)acetamide",
Z33486130,C10H11N3O3,221.22,95,n/a,0,0,S24,CC(=O)NC1=CC(=CC(=C1)C(=O)N)C(=O)N,,"5-acetamidobenzene-1,3-dicarboxamide",
Z57292369,C6H11N5O,169.19,100,n/a,0,0,T24,CC(C)C(=O)NC=1N=NN(C)N1,,"2-methyl-N-(2-methyl-2H-1,2,3,4-tetrazol-5-yl)propanamide",
Z45516134,C11H17NO2S,227.33,100,n/a,0,0,U24,CCN(CC)S(=O)(=O)C=1C=CC(C)=CC1,,"N,N-diethyl-4-methylbenzene-1-sulfonamide",
Z57344995,C15H22N2O,246.36,100,n/a,0,0,V24,CCC(=O)NC=1C=CC(=CC1)N2CCC(C)CC2,,N-[4-(4-methylpiperidin-1-yl)phenyl]propanamide,
Z26794305,C9H9N3O2,191.19,99,n/a,0,0,W24,CC(=O)NC=1C=CC=2NC(=O)NC2C1,,"N-(2-oxo-2,3-dihydro-1H-1,3-benzodiazol-5-yl)acetamide",
Z57292400,C11H13N5O2,247.26,91,n/a,0,0,X24,CCOC=1C=CC=C(C1)C(=O)NC=2N=NN(C)N2,,"3-ethoxy-N-(2-methyl-2H-1,2,3,4-tetrazol-5-yl)benzamide",
Z1349163663,C10H14N4O,206.25,95,n/a,0,0,Y24,CN(C1CCC1)C=2C=CC(=NN2)C(=O)N,,6-[cyclobutyl(methyl)amino]pyridazine-3-carboxamide,
Z28429425,C14H15NOS,245.35,100,n/a,0,0,Z24,CC=1C=CSC1C(=O)NCC=2C=CC(C)=CC2,,3-methyl-N-[(4-methylphenyl)methyl]thiophene-2-carboxamide,
Z2856434918,C10H12O3,180.21,92,n/a,0,0,AA25,CCOC=1C=CC(CC(=O)O)=CC1,,2-(4-ethoxyphenyl)acetic acid,
Z31792168,C13H18N2O,218.30,100,n/a,0,0,F25,O=C(CC1CCCCC1)NC=2C=CC=NC2,,2-cyclohexyl-N-(pyridin-3-yl)acetamide,
Z26804467,C5H7N3OS2,189.26,99,n/a,0,0,G25,CSC1=NSC(NC(=O)C)=N1,,"N-[3-(methylsulfanyl)-1,2,4-thiadiazol-5-yl]acetamide",
Z2856434865,C12H17NOS,223.34,100,n/a,0,0,H25,C(CN1CCOCC1)SC=2C=CC=CC2,,4-[2-(phenylsulfanyl)ethyl]morpholine,
Z30242120,C12H10N4O2,242.24,100,n/a,0,0,I25,NC(=O)C=1C=CC(NC(=O)C=2C=NC=CN2)=CC1,,N-(4-carbamoylphenyl)pyrazine-2-carboxamide,not completely soluble at 500 mM
Z2856434874,C15H23NO,233.36,100,n/a,0,0,J25,CC(C)C=1C=CC(CN2CCC(O)CC2)=CC1,,1-{[4-(propan-2-yl)phenyl]methyl}piperidin-4-ol,
Z2856434845,C14H12O3,228.25,92,n/a,0,0,K25,OC(=O)C=1C=CC(OCC=2C=CC=CC2)=CC1,,4-(benzyloxy)benzoic acid,
Z2856434813,C10H20N2O2,200.28,100,n/a,0,0,L25,COCCNC1CCN(CC1)C(=O)C,,1-{4-[(2-methoxyethyl)amino]piperidin-1-yl}ethan-1-one,
Z1741973467,C13H17NO2,219.29,100,n/a,0,0,M25,COC=1C=CC(=CC1)C(=O)C2CCNCC2,,4-(4-methoxybenzoyl)piperidine,
Z730649594,C14H14N2O2,242.28,100,n/a,0,0,N25,OC=1C=CC(CCNC(=O)C=2C=CC=CN2)=CC1,,N-[2-(4-hydroxyphenyl)ethyl]pyridine-2-carboxamide,
Z27653940,C13H18N2O2,234.30,92,n/a,0,0,O25,CC(C)CC(=O)NC=1C=CC(NC(=O)C)=CC1,,N-(4-acetamidophenyl)-3-methylbutanamide,
Z375990520,C8H10N2O4,198.18,100,n/a,0,0,P25,COC(=O)CNC(=O)C=1C=C(C)ON1,,"methyl 2-[(5-methyl-1,2-oxazol-3-yl)formamido]acetate",
Z26548083,C11H12N2O,188.23,92,n/a,0,0,Q25,CC(C)C(=O)NC=1C=CC=C(C#N)C1,,N-(3-cyanophenyl)-2-methylpropanamide,
Z2856434807,C13H17N3O,231.30,100,n/a,0,0,R25,COC=1C=CC=CC1N2CCN(CC#N)CC2,,2-[4-(2-methoxyphenyl)piperazin-1-yl]acetonitrile,
Z2856434937,C10H10O4,194.19,92,n/a,0,0,S25,CC(=O)C=1C=CC(OCC(=O)O)=CC1,,2-(4-acetylphenoxy)acetic acid,
Z2856434849,C13H17N3O,231.30,99,n/a,0,0,T25,CC(C)NCC1=NC(=NO1)C=2C=CC(C)=CC2,,"{[3-(4-methylphenyl)-1,2,4-oxadiazol-5-yl]methyl}(propan-2-yl)amine",
Z203581214,C12H10ClN3O,247.69,100,n/a,0,0,U25,ClC=1C=CC(CC(=O)NC=2N=CC=CN2)=CC1,,2-(4-chlorophenyl)-N-(pyrimidin-2-yl)acetamide,
Z89307993,C14H13NO2,227.27,100,n/a,0,0,V25,CC=1OC=CC1C(=O)N2CCC=3C=CC=CC23,,"1-(2-methylfuran-3-carbonyl)-2,3-dihydro-1H-indole",
Z56923284,C12H12N2O2S,248.31,92,n/a,0,0,W25,NC=1C=CC(=CC1)S(=O)(=O)NC=2C=CC=CC2,,4-amino-N-phenylbenzene-1-sulfonamide,
Z2856434868,C13H19FN2,222.31,96,n/a,0,0,X25,CCN1CCC(CC1)NC=2C=CC=CC2F,,1-ethyl-N-(2-fluorophenyl)piperidin-4-amine,
Z26365442,C15H15NO2,241.29,91,n/a,0,0,Y25,CC(=O)NC=1C=CC=CC1OCC=2C=CC=CC2,,N-[2-(benzyloxy)phenyl]acetamide,
Z27749656,C14H12FNO,229.26,100,n/a,0,0,Z25,FC=1C=CC=C(C1)C(=O)NCC=2C=CC=CC2,,N-benzyl-3-fluorobenzamide,
Z2017861827,C13H15NO,201.27,90,n/a,0,0,AA26,CC(=O)N1C[C@H]2CC[C@H]1C=3C=CC=CC23,,"1-[(1S,8S)-9-azatricyclo[6.2.2.0?,?]dodeca-2,4,6-trien-9-yl]ethan-1-one",
Z32014663,C11H15NO,177.25,97,n/a,0,0,F26,CN(C)C(=O)C=1C=CC=C(C)C1C,,"N,N,2,3-tetramethylbenzamide",
Z1827602749,C8H11N3O2S,213.26,95,n/a,0,0,G26,CC1CCOC1C(=O)NC2=CN=NS2,,"3-methyl-N-(1,2,3-thiadiazol-5-yl)oxolane-2-carboxamide",
Z57324924,C12H14N2O3,234.26,,n/a,0,0,H26,COC=1C=CC(=CC1)N2CC(CC2=O)C(=O)N,,1-(4-methoxyphenyl)-5-oxopyrrolidine-3-carboxamide,
Z979145504,C12H12N2O2S,248.31,100,n/a,0,0,I26,COC(=O)NC=1SC(C)=NC1C=2C=CC=CC2,,"methyl N-(2-methyl-4-phenyl-1,3-thiazol-5-yl)carbamate",
Z1272480091,C11H16N2O2,208.26,91,n/a,0,0,J26,COCC1CN(CCO1)C=2C=CC=CN2,,2-(methoxymethyl)-4-(pyridin-2-yl)morpholine,
Z1203329531,C8H15NO2,157.21,100,n/a,0,0,K26,CC(=O)NCC1(O)CCCC1,,N-[(1-hydroxycyclopentyl)methyl]acetamide,
Z2856434906,C9H9NaO3,188.16,,sodium(1+) ion,1,22.99,L26,[Na+].[O-]C(=O)COCC=1C=CC=CC1,,sodium 2-(benzyloxy)acetate,
Z52214433,C9H11NO,149.19,100,n/a,0,0,M26,CC=1C=CC=CC1CC(=O)N,,2-(2-methylphenyl)acetamide,
Z927400026,C9H18N2O2,186.26,98,n/a,0,0,N26,CC(C)C(N)C(=O)N1CCOCC1,,2-amino-3-methyl-1-(morpholin-4-yl)butan-1-one,
Z52425517,C11H12N4OS,248.31,100,n/a,0,0,O26,CCCC1=NN=C(NC(=O)C=2C=CC=CN2)S1,,"N-(5-propyl-1,3,4-thiadiazol-2-yl)pyridine-2-carboxamide",
Z1266823232,C8H14N2S,170.28,,n/a,0,0,P26,CNC(C)C=1SC(C)=NC1C,,"[1-(dimethyl-1,3-thiazol-5-yl)ethyl](methyl)amine",
Z55290386,C13H11FN2O2,246.24,97,n/a,0,0,Q26,OC=1C=CC=C(NC(=O)NC=2C=CC(F)=CC2)C1,,1-(4-fluorophenyl)-3-(3-hydroxyphenyl)urea,
Z1267773566,C7H13N3O,155.20,95,n/a,0,0,R26,CC(C)C(N)C1=NC(C)=NO1,,"2-methyl-1-(3-methyl-1,2,4-oxadiazol-5-yl)propan-1-amine",
Z2092370954,C10H14N2O,178.24,96,n/a,0,0,S26,CCN(C)C(=O)C=1C=CC=C(N)C1,,3-amino-N-ethyl-N-methylbenzamide,
Z56755722,C9H11NO3,181.19,,n/a,0,0,T26,COC=1C=CC(=CC1)C(N)C(=O)O,,2-amino-2-(4-methoxyphenyl)acetic acid,not completely soluble at 500 mM
Z1263820300,C11H20N4,208.31,95,n/a,0,0,U26,CC1=NN(C)C(C)=C1CN2CCNCC2,,1-[(trimethyl-1H-pyrazol-4-yl)methyl]piperazine,not completely soluble at 500 mM
Z1203252645,C8H10N2O,150.18,100,n/a,0,0,V26,CN(C(=O)C)C=1C=CC=NC1,,N-methyl-N-(pyridin-3-yl)acetamide,
Z2443429438,C10H15ClN2O2S,262.76,100,hydrogen chloride,1,36.46,W26,Cl.N[C@H]1CCN(C1)S(=O)(=O)C=2C=CC=CC2,,(3S)-1-(benzenesulfonyl)pyrrolidin-3-amine hydrochloride,
Z2444997446,C10H16FN3S,229.32,,n/a,0,0,X26,CC1=NC(CN2C[C@@H](F)C[C@H]2CN)=CS1,,"[(2S,4S)-4-fluoro-1-[(2-methyl-1,3-thiazol-4-yl)methyl]pyrrolidin-2-yl]methanamine",
Z228585842,C7H14N2O2,158.20,100,n/a,0,0,Y26,CN1CCN(CC1)C(=O)CO,,2-hydroxy-1-(4-methylpiperazin-1-yl)ethan-1-one,
Z733898630,C9H15N3O,181.24,91,n/a,0,0,Z26,CC(C)NC(=O)C=1C=C(C)N(C)N1,,"1,5-dimethyl-N-(propan-2-yl)-1H-pyrazole-3-carboxamide",
Z73240835,C10H14N2O2S,226.30,90,n/a,0,0,AA27,CC1=CSC(NC(=O)C2CCOCC2)=N1,,"N-(4-methyl-1,3-thiazol-2-yl)oxane-4-carboxamide",
Z1619978933,C9H12FN3S,213.28,92,n/a,0,0,F27,CC1=NN=C(CN2CCC=C(F)C2)S1,,"5-fluoro-1-[(5-methyl-1,3,4-thiadiazol-2-yl)methyl]-1,2,3,6-tetrahydropyridine",
Z394039592,C9H14F3NO2,225.21,91,n/a,0,0,G27,CC1(C)CN(CCO1)C(=O)CC(F)(F)F,,"1-(2,2-dimethylmorpholin-4-yl)-3,3,3-trifluoropropan-1-one",
Z1267882044,C10H14N2O,178.24,100,n/a,0,0,H27,C(NC=1C=CN=CC1)C2CCCO2,,N-(oxolan-2-ylmethyl)pyridin-4-amine,
Z57260516,C12H17NO2,207.27,90,n/a,0,0,I27,COCC(=O)NC=1C(C)=CC(C)=CC1C,,"2-methoxy-N-(2,4,6-trimethylphenyl)acetamide",
Z2074076908,C10H15F2NO2,219.23,100,n/a,0,0,J27,FC(F)OCC(=O)N1CCCC2(CC2)C1,,1-{5-azaspiro[2.5]octan-5-yl}-2-(difluoromethoxy)ethan-1-one,
Z277468432,C9H13N3O2,195.22,91,n/a,0,0,K27,OC=1N=CC(N2CCCCC2)=C(O)N1,,"5-(piperidin-1-yl)pyrimidine-2,4-diol",not completely soluble at 500 mM
Z1263529721,C10H14N2,162.24,95,n/a,0,0,L27,CC(NC1CC1)C=2C=CC=NC2,,N-[1-(pyridin-3-yl)ethyl]cyclopropanamine,
Z136583524,C11H10N2O2,202.21,95,n/a,0,0,M27,CC=1OC=CC1C(=O)NC=2C=CN=CC2,,2-methyl-N-(pyridin-4-yl)furan-3-carboxamide,
Z2277255954,C9H14FNO2S,219.28,91,n/a,0,0,N27,CC1(CC1)S(=O)(=O)N2CCC=C(F)C2,,"5-fluoro-1-[(1-methylcyclopropyl)sulfonyl]-1,2,3,6-tetrahydropyridine",
Z437516460,C12H16N2O,204.27,91,n/a,0,0,O27,CC=1C=CC(CNC(=O)C2CCC2)=CN1,,N-[(6-methylpyridin-3-yl)methyl]cyclobutanecarboxamide,
Z1246465616,C11H18N2O2,210.28,90,n/a,0,0,P27,CC(CC=1C(C)=NOC1C)C(=O)N(C)C,,"3-(dimethyl-1,2-oxazol-4-yl)-N,N,2-trimethylpropanamide",
Z56880342,C7H11N3O2,169.18,100,n/a,0,0,Q27,CCNC(=O)NC=1C=C(C)ON1,,"3-ethyl-1-(5-methyl-1,2-oxazol-3-yl)urea",
Z2217052426,C13H19NO,205.30,95,n/a,0,0,R27,CC1C(O)CCCN1CC=2C=CC=CC2,,1-benzyl-2-methylpiperidin-3-ol,
Z907784200,C11H15FN2O,210.25,95,n/a,0,0,S27,CCNC(=O)C=1C=CC(N(C)C)=C(F)C1,,4-(dimethylamino)-N-ethyl-3-fluorobenzamide,
Z1273312142,C11H14FNO2,211.24,98,n/a,0,0,T27,CCOC=1C(F)=CC=CC1C(=O)N(C)C,,"2-ethoxy-3-fluoro-N,N-dimethylbenzamide",
Z31721798,C13H23NO2,225.33,100,n/a,0,0,U27,O=C(CCC1CCCCC1)N2CCOCC2,,3-cyclohexyl-1-(morpholin-4-yl)propan-1-one,
Z1983897532,C10H10FN3S,223.27,94,n/a,0,0,V27,CC1=NC=C(CNC=2C=NC=C(F)C2)S1,,"5-fluoro-N-[(2-methyl-1,3-thiazol-5-yl)methyl]pyridin-3-amine",
Z19733482,C11H15NO2,193.25,95,n/a,0,0,W27,CN(C)C(=O)COC=1C=CC=CC1C,,"N,N-dimethyl-2-(2-methylphenoxy)acetamide",
Z1497321453,C10H14N2OS,210.30,100,n/a,0,0,X27,CC1=NC(C(=O)N2CCCC2)=C(C)S1,,"2,5-dimethyl-4-(pyrrolidine-1-carbonyl)-1,3-thiazole",
Z1891773393,C12H17ClN2O,240.74,95,hydrogen chloride,1,36.46,Y27,Cl.CC(N)C=1C=CC(NC(=O)C2CC2)=CC1,,N-[4-(1-aminoethyl)phenyl]cyclopropanecarboxamide hydrochloride,
Z1929757385,C11H15FN2O,210.25,100,n/a,0,0,Z27,CC1(C)CN(CC1O)C=2N=CC=CC2F,,"1-(3-fluoropyridin-2-yl)-4,4-dimethylpyrrolidin-3-ol",
Z2856434793,C11H15N3O3,237.26,100,n/a,0,0,AA28,NC(=O)CN1CCN(CC1)C(=O)C2=CC=CO2,,2-[4-(furan-2-carbonyl)piperazin-1-yl]acetamide,not completely soluble at 500 mM
Z85525355,C15H16N2O,240.31,100,n/a,0,0,F28,CC(C)C=1C=CC(=CC1)C(=O)NC=2C=CC=CN2,,4-(propan-2-yl)-N-(pyridin-2-yl)benzamide,
Z57292433,C9H8FN5O,221.20,100,n/a,0,0,G28,CN1N=NC(NC(=O)C=2C=CC(F)=CC2)=N1,,"4-fluoro-N-(2-methyl-2H-1,2,3,4-tetrazol-5-yl)benzamide",
Z1190787729,C13H11N3O2,241.25,100,n/a,0,0,H28,CC1=CC(=NO1)C(=O)NC=2C=CC=3NC=CC3C2,,"N-(1H-indol-5-yl)-5-methyl-1,2-oxazole-3-carboxamide",
Z1593306637,C11H15ClN2O2,242.71,100,n/a,0,0,I28,CC[C@H](CO)NC(=O)NC=1C=CC(Cl)=CC1,,1-(4-chlorophenyl)-3-[(2R)-1-hydroxybutan-2-yl]urea,
Z2027158783,C8H7N3O2,177.16,100,n/a,0,0,J28,CC(=O)NC1=CC=CC2=NON=C12,,"N-(2,1,3-benzoxadiazol-4-yl)acetamide",
Z1587220559,C14H13N3O,239.28,100,n/a,0,0,K28,OC=1C=CC=CC1CNC2=NC=3C=CC=CC3N2,,"2-{[(1H-1,3-benzodiazol-2-yl)amino]methyl}phenol",
Z192981502,C10H10N2O2S,222.27,100,n/a,0,0,L28,COC(=O)NC1=NC=2C(C)=CC=CC2S1,,"methyl N-(4-methyl-1,3-benzothiazol-2-yl)carbamate",
Z1416571195,C11H13N3O,203.25,91,n/a,0,0,M28,NC(=O)C=1C=CN=C(NC2CC=CC2)C1,,2-[(cyclopent-3-en-1-yl)amino]pyridine-4-carboxamide,
Z18197050,C8H9NO4S,215.23,100,n/a,0,0,N28,COC(=O)C=1C=CC(=CC1)S(=O)(=O)N,,methyl 4-sulfamoylbenzoate,
Z2856434812,C16H17NO,239.32,100,n/a,0,0,O28,OC=1C=CC(CN2CCC=3C=CC=CC3C2)=CC1,,"4-(1,2,3,4-tetrahydroisoquinolin-2-ylmethyl)phenol",
Z2856434878,C13H19NO3,237.30,96,n/a,0,0,P28,COC=1C=CC(CN2CCOCC2)=CC1OC,,"4-[(3,4-dimethoxyphenyl)methyl]morpholine",
Z445856640,C9H18N2O3S,234.32,90,n/a,0,0,Q28,CC(C)NC(=O)N(C)C1CCS(=O)(=O)C1,,"1-(1,1-dioxo-1??-thiolan-3-yl)-1-methyl-3-(propan-2-yl)urea",
Z285675722,C12H13N3,199.26,100,n/a,0,0,R28,CC=1C=C(C)N=C(NC=2C=CC=CC2)N1,,"4,6-dimethyl-N-phenylpyrimidin-2-amine",
Z2856434827,C11H12N4O,216.24,100,n/a,0,0,S28,CC=1C=CC(=CC1C)C(=O)NC2=NN=CN2,,"3,4-dimethyl-N-(4H-1,2,4-triazol-3-yl)benzamide",not completely soluble at 500 mM
Z27666218,C14H17N3O,243.31,100,n/a,0,0,T28,O=C(NC1=NC=2C=CC=CC2N1)C3CCCCC3,,"N-(1H-1,3-benzodiazol-2-yl)cyclohexanecarboxamide",not completely soluble at 500 mM
Z755044716,C5H8N4O,140.15,99,n/a,0,0,U28,CCNC(=O)C1=CNN=N1,,"N-ethyl-1H-1,2,3-triazole-4-carboxamide",
Z1581680287,C12H13N3O2,231.26,100,n/a,0,0,V28,COC(=O)NC=1C=C(C)N(N1)C=2C=CC=CC2,,methyl N-(5-methyl-1-phenyl-1H-pyrazol-3-yl)carbamate,
Z85517292,C14H15N3O,241.30,100,n/a,0,0,W28,CN(C)C=1C=CC(=CC1)C(=O)NC=2C=CN=CC2,,4-(dimethylamino)-N-(pyridin-4-yl)benzamide,not completely soluble at 500 mM
Z2856434881,C16H17NO,239.32,100,n/a,0,0,X28,OC=1C=CC=CC1CN2CCC=3C=CC=CC3C2,,"2-(1,2,3,4-tetrahydroisoquinolin-2-ylmethyl)phenol",
Z1635496816,C10H11NO3,193.20,100,n/a,0,0,Y28,CC(=O)NC=1C=C2OCOC2=CC1C,,"N-(6-methyl-2H-1,3-benzodioxol-5-yl)acetamide",
Z2856434848,C15H20N2,228.34,100,n/a,0,0,Z28,C(N1CCCCCC1)C2=CNC=3C=CC=CC23,,3-(azepan-1-ylmethyl)-1H-indole,
Z30595739,C15H22N2O,246.36,98,n/a,0,0,AA29,CC(C)C(=O)NC=1C=CC(=CC1)N2CCCCC2,,2-methyl-N-[4-(piperidin-1-yl)phenyl]propanamide,not completely soluble at 500 mM
Z1802166390,C13H16ClNO,237.73,100,n/a,0,0,F29,C[C@@H]1C[C@H]1C(=O)NCCC=2C=CC(Cl)=CC2,,"(1R,2R)-N-[2-(4-chlorophenyl)ethyl]-2-methylcyclopropane-1-carboxamide",
Z48847594,C11H11N3OS,233.29,92,n/a,0,0,G29,CC(=O)NC=1C=CC(=CC1)C2=CSC(N)=N2,,"N-[4-(2-amino-1,3-thiazol-4-yl)phenyl]acetamide",
Z2735592898,C7H17N3O2S,207.30,95,n/a,0,0,H29,CN(C)S(=O)(=O)N1CCN(C)CC1,,"N,N,4-trimethylpiperazine-1-sulfonamide",
Z44584202,C12H11FN2O2,234.23,100,n/a,0,0,I29,FC=1C=CC(NC(=O)NCC2=CC=CO2)=CC1,,1-(4-fluorophenyl)-3-(furan-2-ylmethyl)urea,
Z2856434929,C12H17NO2S,239.34,100,n/a,0,0,J29,CC=1C=CC(CN2CCS(=O)(=O)CC2)=CC1,,"4-[(4-methylphenyl)methyl]-1??-thiomorpholine-1,1-dione",
Z56943440,C14H15NO2,229.28,92,n/a,0,0,K29,COC=1C=CC(NCC=2C=CC=CC2O)=CC1,,2-{[(4-methoxyphenyl)amino]methyl}phenol,
Z1545312521,C12H14ClNO2,239.70,100,n/a,0,0,L29,CC=1C(Cl)=CC=CC1NC(=O)[C@@H]2CCCO2,,(2S)-N-(3-chloro-2-methylphenyl)oxolane-2-carboxamide,
Z123856654,C9H13N3O3S,243.29,92,n/a,0,0,M29,CN(C)C(=O)NC=1C=CC(=CC1)S(=O)(=O)N,,"3,3-dimethyl-1-(4-sulfamoylphenyl)urea",
Z19735192,C14H12FNO2,245.26,100,n/a,0,0,N29,FC=1C=CC=C(NC(=O)COC=2C=CC=CC2)C1,,N-(3-fluorophenyl)-2-phenoxyacetamide,
Z48847633,C12H14N2S,218.32,91,n/a,0,0,O29,CC=1SC(N)=NC1C=2C=CC(C)=C(C)C2,,"4-(3,4-dimethylphenyl)-5-methyl-1,3-thiazol-2-amine",
Z18839017,C15H21NO2,247.34,100,n/a,0,0,P29,CCC=1C=CC(OCC(=O)N2CCCCC2)=CC1,,2-(4-ethylphenoxy)-1-(piperidin-1-yl)ethan-1-one,
Z45527714,C7H8ClNO2S,205.66,92,n/a,0,0,Q29,CNS(=O)(=O)C=1C=CC=CC1Cl,,2-chloro-N-methylbenzene-1-sulfonamide,
Z27805986,C14H11F2NO,247.25,100,n/a,0,0,R29,FC=1C=CC(CC(=O)NC=2C=CC(F)=CC2)=CC1,,"N,2-bis(4-fluorophenyl)acetamide",
Z1891773476,C10H13NO2,179.22,92,n/a,0,0,S29,CNCC1COC=2C=CC=CC2O1,,"(2,3-dihydro-1,4-benzodioxin-2-ylmethyl)(methyl)amine",
Z2856434851,C15H13FN2,240.28,100,n/a,0,0,T29,FC=1C=CC(CNCC=2C=CC(C#N)=CC2)=CC1,,4-({[(4-fluorophenyl)methyl]amino}methyl)benzonitrile,
Z33452549,C15H15NO2,241.29,100,n/a,0,0,U29,CC=1C=CC=C(C1)C(=O)NC=2C=CC(C)=CC2O,,N-(2-hydroxy-4-methylphenyl)-3-methylbenzamide,
Z69091635,C13H17N3O,231.30,99,n/a,0,0,V29,O=C(NCCC1=CCCCC1)C=2C=NC=CN2,,N-[2-(cyclohex-1-en-1-yl)ethyl]pyrazine-2-carboxamide,
Z68195082,C14H13NO3,243.26,100,n/a,0,0,W29,OC=1C=CC=CC1NC(=O)COC=2C=CC=CC2,,N-(2-hydroxyphenyl)-2-phenoxyacetamide,
Z1217741507,C16H23NO,245.37,100,n/a,0,0,X29,CC(C)(C)C1CCN(CC1)C(=O)C=2C=CC=CC2,,1-benzoyl-4-tert-butylpiperidine,
Z384361454,C10H14N2O3,210.23,91,n/a,0,0,Y29,CC=1C=C(ON1)C(=O)NCC2CCOC2,,"3-methyl-N-(oxolan-3-ylmethyl)-1,2-oxazole-5-carboxamide",
Z123970702,C11H15ClN2O2,242.71,99,n/a,0,0,Z29,CC(C)(CO)NC(=O)NC=1C=CC(Cl)=CC1,,1-(4-chlorophenyl)-3-(1-hydroxy-2-methylpropan-2-yl)urea,
Z2301438417,C7H8N4O,164.17,100,n/a,0,0,AA30,CC1=NN(C)C=2C(O)=NN=CC12,,"1,3-dimethyl-1H-pyrazolo[3,4-d]pyridazin-7-ol",
Z818727262,C8H15NO,141.21,94,n/a,0,0,F30,C(NC1CC1)C2CCOC2,,N-(oxolan-3-ylmethyl)cyclopropanamine,
Z741218268,C11H11N3O2S,249.29,100,n/a,0,0,G30,COC=1C=CC(CNC(=O)C2=CSN=N2)=CC1,,"N-[(4-methoxyphenyl)methyl]-1,2,3-thiadiazole-4-carboxamide",not completely soluble at 500 mM
Z2940170964,C11H15NO3,209.25,,n/a,0,0,H30,CN1CCC[C@H](C1)OC(=O)C2=CC=CO2,,(3R)-1-methylpiperidin-3-yl furan-2-carboxylate,
Z87615031,C10H12N2O2,192.22,95,n/a,0,0,I30,CC(=O)NC=1C=CC(CC(=O)N)=CC1,,2-(4-acetamidophenyl)acetamide,not completely soluble at 500 mM
Z729352906,C10H12FNO2S,229.28,100,n/a,0,0,J30,FC=1C=CC=C(CN2CCCS2(=O)=O)C1,,"2-[(3-fluorophenyl)methyl]-1??,2-thiazolidine-1,1-dione",
Z90664455,C7H14N2O,142.20,95,n/a,0,0,K30,CC(=O)N1CCC(N)CC1,,1-(4-aminopiperidin-1-yl)ethan-1-one,
Z19684186,C7H7NO2,137.14,,n/a,0,0,L30,COC(=O)C=1C=CN=CC1,,methyl pyridine-4-carboxylate,
Z2466069494,C12H19Cl2FN2,281.20,100,hydrogen chloride,2,36.46,M30,Cl.Cl.CC(N1CCNCC1)C=2C=CC=CC2F,,1-[1-(2-fluorophenyl)ethyl]piperazine dihydrochloride,not completely soluble at 500 mM
Z2272040604,C11H16FNO2,213.25,93,n/a,0,0,N30,C[1C@@H]1CC[1C@@H](O1)C(=O)N2CCC=C(F)C2,,"5-fluoro-1-(5-methyloxolane-2-carbonyl)-1,2,3,6-tetrahydropyridine",
Z1273312153,C10H10N2O,174.20,95,n/a,0,0,O30,CNC(=O)C=1C=CC=C2C=CNC12,,N-methyl-1H-indole-7-carboxamide,
Z2856434917,C9H14ClNO2,203.67,,hydrogen chloride,1,36.46,P30,Cl.COC=1C=CC(CN)=CC1OC,,"(3,4-dimethoxyphenyl)methanamine hydrochloride",
Z212851096,C10H13N3O2,207.23,91,n/a,0,0,Q30,CC1CN(CCO1)C(=O)C=2C=NC=CN2,,2-methyl-4-(pyrazine-2-carbonyl)morpholine,
Z1267773633,C7H12N2S,156.25,95,n/a,0,0,R30,CCC1=NC=C(CNC)S1,,"[(2-ethyl-1,3-thiazol-5-yl)methyl](methyl)amine",
Z145119960,C10H13N3O,191.23,95,n/a,0,0,S30,NC(=O)C=1C=C(C=CN1)N2CCCC2,,4-(pyrrolidin-1-yl)pyridine-2-carboxamide,not completely soluble at 500 mM
Z2856434805,C11H12ClNS,225.74,,hydrogen chloride,1,36.46,T30,Cl.NCC=1C=CC(=CC1)C2=CC=CS2,,[4-(thiophen-2-yl)phenyl]methanamine hydrochloride,not completely soluble at 500 mM
Z1267773786,C7H11N3,137.19,95,n/a,0,0,U30,CCNC=1C=CC(C)=NN1,,N-ethyl-6-methylpyridazin-3-amine,
Z1449748885,C9H12N2O2,180.21,100,n/a,0,0,V30,COC=1C=CC(NC(=O)CN)=CC1,,2-amino-N-(4-methoxyphenyl)acetamide,
Z1896597864,C6H6N4,134.14,100,n/a,0,0,W30,CNC=1N=CC=NC1C#N,,3-(methylamino)pyrazine-2-carbonitrile,
Z2442269480,C11H13N3O,203.25,,n/a,0,0,X30,CC1=NOC(CC(N)C=2C=CC=CC2)=N1,,"2-(3-methyl-1,2,4-oxadiazol-5-yl)-1-phenylethan-1-amine",
Z1267881672,C11H15N3O,205.26,95,n/a,0,0,Y30,CC=1C=CC=C(NC(=O)[C@@H]2CCCN2)N1,,(2S)-N-(6-methylpyridin-2-yl)pyrrolidine-2-carboxamide,
Z2204875953,C10H8N2O2,188.19,100,n/a,0,0,Z30,C1OC=2C=CC(=CC2O1)C=3C=CNN3,,"3-(2H-1,3-benzodioxol-5-yl)-1H-pyrazole",
Z287484230,C8H13N3O,167.21,95,n/a,0,0,AA31,CC1=NN(C)C(C)=C1CC(=O)N,,2-(trimethyl-1H-pyrazol-4-yl)acetamide,
Z1454840342,C7H13NO3,159.19,95,n/a,0,0,F31,CC(=O)N1CCOC(CO)C1,,1-[2-(hydroxymethyl)morpholin-4-yl]ethan-1-one,
Z131516158,C10H12N4O,204.23,96,n/a,0,0,G31,CC(NC(=O)C)C1=NN=C2C=CC=CN12,,"N-(1-{[1,2,4]triazolo[4,3-a]pyridin-3-yl}ethyl)acetamide",
Z1245580461,C8H18N2,142.25,99,n/a,0,0,H31,CC1CCN(CCN)CC1,,2-(4-methylpiperidin-1-yl)ethan-1-amine,
Z425387594,C12H19ClN2O,242.75,95,hydrogen chloride,1,36.46,I31,Cl.CCOC=1C=CC=CC1N2CCNCC2,,1-(2-ethoxyphenyl)piperazine hydrochloride,
Z18618496,C10H17NO3,199.25,91,n/a,0,0,J31,COC(=O)CNC(=O)C1CCCCC1,,methyl 2-(cyclohexylformamido)acetate,
Z328695024,C10H15N5,205.26,95,n/a,0,0,K31,CC(C)N(C)C=1N=CN=C2N(C)N=CC12,,"N,1-dimethyl-N-(propan-2-yl)-1H-pyrazolo[3,4-d]pyrimidin-4-amine",
Z1259335913,C11H19N3S,225.36,95,n/a,0,0,L31,CC1=NC(CN2CCC(CN)CC2)=CS1,,"{1-[(2-methyl-1,3-thiazol-4-yl)methyl]piperidin-4-yl}methanamine",
Z425449682,C10H11ClN2O,210.66,95,hydrogen chloride,1,36.46,M31,Cl.NCC1=CC(=NO1)C=2C=CC=CC2,,"(3-phenyl-1,2-oxazol-5-yl)methanamine hydrochloride",
Z1381484542,C11H13N3,187.25,96,n/a,0,0,N31,CCCN1N=CC=C1C=2C=CN=CC2,,4-(1-propyl-1H-pyrazol-5-yl)pyridine,
Z86417414,C9H6FN3OS,223.23,97,n/a,0,0,O31,FC=1C=CC=CC1C(=O)NC2=NN=CS2,,"2-fluoro-N-(1,3,4-thiadiazol-2-yl)benzamide",
Z1546887028,C8H12ClN3O,201.66,95,n/a,0,0,P31,CC(CO)N(C)C=1N=CC(Cl)=CN1,,2-[(5-chloropyrimidin-2-yl)(methyl)amino]propan-1-ol,
Z426041412,C8H13ClN2O2S,236.72,95,hydrogen chloride,1,36.46,Q31,Cl.CS(=O)(=O)NC=1C=CC(CN)=CC1,,N-[4-(aminomethyl)phenyl]methanesulfonamide hydrochloride,
Z1346370629,C7H16N2O2S,192.28,97,n/a,0,0,R31,CC1CN(CCC1N)S(=O)(=O)C,,1-methanesulfonyl-3-methylpiperidin-4-amine,
Z27682767,C9H12N2O3S,228.27,100,n/a,0,0,S31,CCC(=O)NC=1C=CC(=CC1)S(=O)(=O)N,,N-(4-sulfamoylphenyl)propanamide,
Z1741794237,C7H16N2O,144.22,95,n/a,0,0,T31,CC1CNCCN1CCO,,2-(2-methylpiperazin-1-yl)ethan-1-ol,
Z274553586,C7H11N3O2,169.18,95,n/a,0,0,U31,CC=1N=C(C)N(CCC(=O)O)N1,,"3-(dimethyl-1H-1,2,4-triazol-1-yl)propanoic acid",
Z1578665941,C8H14N4S,198.29,95,n/a,0,0,V31,CC1=NSC(=N1)N2CCCNCC2,,"1-(3-methyl-1,2,4-thiadiazol-5-yl)-1,4-diazepane",
Z438067480,C10H16N4O,208.27,91,n/a,0,0,W31,CCC(=O)NCC1=NN=C2CCCCN12,,"N-{5H,6H,7H,8H-[1,2,4]triazolo[4,3-a]pyridin-3-ylmethyl}propanamide",
Z1250132788,C9H14N2,150.23,95,n/a,0,0,X31,CCC(NC)C=1C=CN=CC1,,methyl[1-(pyridin-4-yl)propyl]amine,
Z54628578,C5H7N3,109.13,95,n/a,0,0,Y31,CNC=1N=CC=CN1,,N-methylpyrimidin-2-amine,
Z1263714198,C8H13N3O,167.21,95,n/a,0,0,Z31,C(N1CCNCC1)C=2C=CON2,,"1-(1,2-oxazol-3-ylmethyl)piperazine",
Z371866204,C10H11N3O2S,237.28,99,n/a,0,0,AA32,CNC(=O)NC1=NC=2C=CC(OC)=CC2S1,,"1-(6-methoxy-1,3-benzothiazol-2-yl)-3-methylurea",
Z1563512128,C10H14N2O2,194.24,98,n/a,0,0,F32,C[C@H](O)CNC(=O)NC=1C=CC=CC1,,3-[(2S)-2-hydroxypropyl]-1-phenylurea,
Z53834613,C13H13N3O2,243.27,100,n/a,0,0,G32,CC=1C=CC=CC1OCC(=O)NC=2N=CC=CN2,,2-(2-methylphenoxy)-N-(pyrimidin-2-yl)acetamide,
Z86949053,C13H20N2O2,236.32,100,n/a,0,0,H32,CC1=CC(NC(=O)CCC2CCCCC2)=NO1,,"3-cyclohexyl-N-(5-methyl-1,2-oxazol-3-yl)propanamide",
Z1650168321,C12H16N2O,204.27,100,n/a,0,0,I32,CC(=O)NC=1C=CC(C)=C2NCCCC12,,"N-(8-methyl-1,2,3,4-tetrahydroquinolin-5-yl)acetamide",
Z19751622,C14H19NOS,249.38,98,n/a,0,0,J32,O=C(CSC=1C=CC=CC1)NC2CCCCC2,,N-cyclohexyl-2-(phenylsulfanyl)acetamide,
Z509756472,C13H15N3O2,245.28,100,n/a,0,0,K32,O=C(NCC=1C=CC(C#N)=CC1)N2CCOCC2,,N-[(4-cyanophenyl)methyl]morpholine-4-carboxamide,
Z56259166,C9H8ClN5O,237.65,99,n/a,0,0,L32,ClC=1C=CC(NC(=O)NN2C=NN=C2)=CC1,,"1-(4-chlorophenyl)-3-(4H-1,2,4-triazol-4-yl)urea",
Z212122838,C10H14N2OS,210.30,95,n/a,0,0,M32,CC1=CSC(CNC(=O)C2CCC2)=N1,,"N-[(4-methyl-1,3-thiazol-2-yl)methyl]cyclobutanecarboxamide",
Z133729708,C9H12ClNO2S,233.72,91,n/a,0,0,N32,CC(NS(=O)(=O)C)C=1C=CC=CC1Cl,,N-[1-(2-chlorophenyl)ethyl]methanesulfonamide,
Z2472938267,C13H17N3O2,247.30,100,n/a,0,0,O32,O=C(NCCN1CCCC1=O)NC=2C=CC=CC2,,3-[2-(2-oxopyrrolidin-1-yl)ethyl]-1-phenylurea,
Z57292434,C9H8ClN5O,237.65,90,n/a,0,0,P32,CN1N=NC(NC(=O)C=2C=CC(Cl)=CC2)=N1,,"4-chloro-N-(2-methyl-2H-1,2,3,4-tetrazol-5-yl)benzamide",
Z2856434942,C12H15FN2O,222.26,97,n/a,0,0,Q32,FC=1C=CC(NC(=O)CN2CCCC2)=CC1,,N-(4-fluorophenyl)-2-(pyrrolidin-1-yl)acetamide,
Z287148438,C13H17NO2,219.29,100,n/a,0,0,R32,OC(=O)CN1CCC(CC1)C=2C=CC=CC2,,2-(4-phenylpiperidin-1-yl)acetic acid,not completely soluble at 500 mM
Z44602971,C12H13N3OS,247.32,100,n/a,0,0,S32,CC1=CSC(NC(=O)NC=2C=CC=C(C)C2)=N1,,"3-(4-methyl-1,3-thiazol-2-yl)-1-(3-methylphenyl)urea",
Z86948938,C13H14N2O3,246.27,100,n/a,0,0,T32,CCOC=1C=CC(=CC1)C(=O)NC=2C=C(C)ON2,,"4-ethoxy-N-(5-methyl-1,2-oxazol-3-yl)benzamide",not completely soluble at 500 mM
Z2856434798,C14H16N2O2,244.30,95,n/a,0,0,U32,OC=1C=CC(CN2CCOCC2)=C3C=CC=NC13,,5-(morpholin-4-ylmethyl)quinolin-8-ol,
Z31504642,C9H11NO2,165.19,100,n/a,0,0,V32,COCC(=O)NC=1C=CC=CC1,,2-methoxy-N-phenylacetamide,
Z384468096,C14H19NO2,233.31,100,n/a,0,0,W32,CC(=O)NCC1(CCOCC1)C=2C=CC=CC2,,N-[(4-phenyloxan-4-yl)methyl]acetamide,
Z915492990,C10H11N3OS,221.28,,n/a,0,0,X32,CN1N=CC=C1C(=O)NCC2=CC=CS2,,1-methyl-N-(thiophen-2-ylmethyl)-1H-pyrazole-5-carboxamide,
Z2434225559,C9H11ClN2O,198.65,90,hydrogen chloride,1,36.46,Y32,Cl.NC(=O)C=1C=CC=2NCCC2C1,,"2,3-dihydro-1H-indole-5-carboxamide hydrochloride",
Z369042042,C12H16FNO,209.27,91,n/a,0,0,Z32,CC1COCCN1CC=2C=CC=CC2F,,4-[(2-fluorophenyl)methyl]-3-methylmorpholine,
Z102768020,C11H13N3,187.25,98,n/a,0,0,AA33,CNCC=1C=NN(C1)C=2C=CC=CC2,,methyl[(1-phenyl-1H-pyrazol-4-yl)methyl]amine,
Z29077827,C13H17N3O,231.30,99,n/a,0,0,F33,CCCN1C(NC(=O)CC)=NC=2C=CC=CC12,,"N-(1-propyl-1H-1,3-benzodiazol-2-yl)propanamide",
Z26552420,C12H13N5O,243.27,92,n/a,0,0,G33,O=C(NC=1C=CC(=CC1)N2C=NN=N2)C3CCC3,,"N-[4-(1H-1,2,3,4-tetrazol-1-yl)phenyl]cyclobutanecarboxamide",
Z45617795,C9H13NO2S,199.27,100,n/a,0,0,H33,CS(=O)(=O)NCCC=1C=CC=CC1,,N-(2-phenylethyl)methanesulfonamide,
Z30624464,C16H15NO,237.30,100,n/a,0,0,I33,O=C(CC=1C=CC=CC1)N2CCC=3C=CC=CC23,,"1-(2,3-dihydro-1H-indol-1-yl)-2-phenylethan-1-one",
Z28173817,C9H14N2OS,198.29,100,n/a,0,0,J33,CCC(CC)C(=O)NC1=NC=CS1,,"2-ethyl-N-(1,3-thiazol-2-yl)butanamide",
Z1741959530,C10H16ClNO3,233.70,92,hydrogen chloride,1,36.46,K33,Cl.COC=1C=C(CN)C=C(OC)C1OC,,"(3,4,5-trimethoxyphenyl)methanamine hydrochloride",
Z30620520,C14H17FN2O,248.30,100,n/a,0,0,L33,FC=1C=CC(=CC1)N2CCN(CC2)C(=O)C3CC3,,1-cyclopropanecarbonyl-4-(4-fluorophenyl)piperazine,
Z44592329,C12H11N3O,213.24,99,n/a,0,0,M33,O=C(NC=1C=CC=CC1)NC=2C=CC=NC2,,3-phenyl-1-(pyridin-3-yl)urea,
Z68404778,C14H14N2O,226.28,100,n/a,0,0,N33,CC(=O)NC=1C=CC(NC=2C=CC=CC2)=CC1,,N-[4-(phenylamino)phenyl]acetamide,
Z33545544,C13H17N3O2,247.30,92,n/a,0,0,O33,NC(=O)C1CCN(CC1)C(=O)NC=2C=CC=CC2,,"1-N-phenylpiperidine-1,4-dicarboxamide",
Z2856434883,C15H22N2O,246.36,100,n/a,0,0,P33,CC(=O)N1CCC(CC1)NCCC=2C=CC=CC2,,1-{4-[(2-phenylethyl)amino]piperidin-1-yl}ethan-1-one,
Z30612387,C12H8N2OS,228.27,92,n/a,0,0,Q33,O=C(NC=1C=CC(C#N)=CC1)C2=CC=CS2,,N-(4-cyanophenyl)thiophene-2-carboxamide,
Z30802768,C12H15F2NO,227.26,100,n/a,0,0,R33,CC(C)(C)CC(=O)NC=1C=CC(F)=CC1F,,"N-(2,4-difluorophenyl)-3,3-dimethylbutanamide",
Z2856434902,C14H16N2O,228.30,92,n/a,0,0,S33,OC=1C=CC(CN2CCCC2)=C3C=CC=NC13,,5-(pyrrolidin-1-ylmethyl)quinolin-8-ol,
Z2856434836,C14H20N2O2,248.33,100,n/a,0,0,T33,CN1CCN(CC1)C(=O)COC=2C=CC(C)=CC2,,2-(4-methylphenoxy)-1-(4-methylpiperazin-1-yl)ethan-1-one,
Z19750454,C12H12N2O2S,248.31,92,n/a,0,0,U33,CC1=CC(NC(=O)CSC=2C=CC=CC2)=NO1,,"N-(5-methyl-1,2-oxazol-3-yl)-2-(phenylsulfanyl)acetamide",
Z62645406,C12H12N2O2S,248.31,100,n/a,0,0,V33,COCC(=O)NC1=NC(=CS1)C=2C=CC=CC2,,"2-methoxy-N-(4-phenyl-1,3-thiazol-2-yl)acetamide",
Z48847639,C12H14N2S,218.32,95,n/a,0,0,W33,CCC=1C=CC(=CC1)C=2N=C(N)SC2C,,"4-(4-ethylphenyl)-5-methyl-1,3-thiazol-2-amine",
Z86416929,C11H11N3O2S,249.29,100,n/a,0,0,X33,COC=1C=CC(CC(=O)NC2=NN=CS2)=CC1,,"2-(4-methoxyphenyl)-N-(1,3,4-thiadiazol-2-yl)acetamide",
Z56040660,C11H16N2O,192.26,92,n/a,0,0,Y33,CCC(C)NC(=O)C=1C=CC=CC1N,,2-amino-N-(butan-2-yl)benzamide,not completely soluble at 500 mM
Z793500562,C13H13NO3,231.25,100,n/a,0,0,Z33,CCOC(=O)C1=CC(=NO1)C=2C=CC(C)=CC2,,"ethyl 3-(4-methylphenyl)-1,2-oxazole-5-carboxylate",
Z2856434903,C13H19N3O,233.32,97,n/a,0,0,AA34,CN1CCN(CC1)C=2C=CC(NC(=O)C)=CC2,,N-[4-(4-methylpiperazin-1-yl)phenyl]acetamide,
Z1505719304,C14H18N2O2,246.31,100,n/a,0,0,F34,CC(=O)NC=1C=CC(NC(=O)[C@H]2CC2(C)C)=CC1,,"(1S)-N-(4-acetamidophenyl)-2,2-dimethylcyclopropane-1-carboxamide",
Z275165822,C12H15ClN2O,238.72,100,n/a,0,0,G34,CC(=O)N1CCN(CC1)C=2C=CC(Cl)=CC2,,1-[4-(4-chlorophenyl)piperazin-1-yl]ethan-1-one,
Z1891776064,C9H7Cl2N3O,244.08,,n/a,0,0,H34,OCC1=CN(N=N1)C=2C=CC(Cl)=C(Cl)C2,,"[1-(3,4-dichlorophenyl)-1H-1,2,3-triazol-4-yl]methanol",
Z943693514,C9H11NO3,181.19,95,n/a,0,0,I34,COCC(=O)NC=1C=CC(O)=CC1,,N-(4-hydroxyphenyl)-2-methoxyacetamide,
Z1220452176,C12H13FN2O,220.25,100,n/a,0,0,J34,CC(=O)NCCC1=CNC=2C=CC(F)=CC12,,N-[2-(5-fluoro-1H-indol-3-yl)ethyl]acetamide,
Z1273141646,C6H8N2O3,156.14,99,n/a,0,0,K34,COCC1=CC(=NO1)C(=O)N,,"5-(methoxymethyl)-1,2-oxazole-3-carboxamide",
Z2856434809,C9H11ClF3N,225.64,,hydrogen chloride,1,36.46,L34,Cl.CNCC=1C=CC(=CC1)C(F)(F)F,,methyl({[4-(trifluoromethyl)phenyl]methyl})amine hydrochloride,
Z26794351,C10H11N3O2,205.22,95,n/a,0,0,M34,CCC(=O)NC=1C=CC=2NC(=O)NC2C1,,"N-(2-oxo-2,3-dihydro-1H-1,3-benzodiazol-5-yl)propanamide",
Z2856434890,C12H17N3O,219.29,100,n/a,0,0,N34,CN1CCN(CC1)C(=O)NC=2C=CC=CC2,,4-methyl-N-phenylpiperazine-1-carboxamide,
Z2327226104,C10H9N3O2,203.20,98,n/a,0,0,O34,CC=1C=CC=CC1N2C=C(N=N2)C(=O)O,,"1-(2-methylphenyl)-1H-1,2,3-triazole-4-carboxylic acid",
Z2856434905,C6H13NO,115.18,,n/a,0,0,P34,CN1CCC[C@@H]1CO,,[(2R)-1-methylpyrrolidin-2-yl]methanol,
Z1212984951,C12H16N2O,204.27,100,n/a,0,0,Q34,CNC1CCCN(C1=O)C=2C=CC=CC2,,3-(methylamino)-1-phenylpiperidin-2-one,
Z2856434909,C10H13Cl2NO,234.13,100,n/a,0,0,R34,C[C@H](O)CNCC=1C(Cl)=CC=CC1Cl,,"(2S)-1-{[(2,6-dichlorophenyl)methyl]amino}propan-2-ol",
Z291279160,C8H7F3N2OS,236.22,100,n/a,0,0,S34,NC(=S)NC=1C=CC=CC1OC(F)(F)F,,[2-(trifluoromethoxy)phenyl]thiourea,
Z1891776952,C8H16Cl2N4,239.15,,hydrogen chloride,2,36.46,T34,Cl.Cl.C(C1CCCCN1)N2C=CN=N2,,"2-(1H-1,2,3-triazol-1-ylmethyl)piperidine dihydrochloride",
Z1741975423,C8H15Cl2N3S,256.20,95,hydrogen chloride,2,36.46,U34,Cl.Cl.CC1=CN=C(S1)N2CCNCC2,,"1-(5-methyl-1,3-thiazol-2-yl)piperazine dihydrochloride",not completely soluble at 500 mM
Z741055844,C7H9N3O2S,199.23,100,n/a,0,0,V34,O=C(N1CCOCC1)C2=CSN=N2,,"4-(1,2,3-thiadiazole-4-carbonyl)morpholine",
Z19234337,C10H9NO3,191.19,100,n/a,0,0,W34,COC(=O)COC=1C=CC(C#N)=CC1,,methyl 2-(4-cyanophenoxy)acetate,
Z1603775714,C8H12N2O,152.20,,n/a,0,0,X34,CNCC=1C=CC=C(OC)N1,,[(6-methoxypyridin-2-yl)methyl](methyl)amine,
Z85895198,C10H10FNO3,211.19,95,n/a,0,0,Y34,CN(CC(=O)O)C(=O)C=1C=CC(F)=CC1,,2-[1-(4-fluorophenyl)-N-methylformamido]acetic acid,
Z44586802,C13H20N2O2,236.32,98,n/a,0,0,Z34,CCOC=1C=CC(NC(=O)NC(C)(C)C)=CC1,,3-tert-butyl-1-(4-ethoxyphenyl)urea,
Z1171978788,C9H10N2O3,194.19,97,n/a,0,0,AA35,CN(CC(=O)O)C(=O)C=1C=CC=CN1,,2-(N-methyl-1-pyridin-2-ylformamido)acetic acid,
Z24758179,C9H11NO4S,229.26,99,n/a,0,0,F35,COC(=O)C=1C=CC=C(NS(=O)(=O)C)C1,,methyl 3-methanesulfonamidobenzoate,
Z220816104,C8H14N2O2,170.21,100,n/a,0,0,G35,CC(=O)N1CCCC(C1)C(=O)N,,1-acetylpiperidine-3-carboxamide,
Z1674937530,C7H12N2O,140.19,96,n/a,0,0,H35,CCN1C=C(CCO)C=N1,,2-(1-ethyl-1H-pyrazol-4-yl)ethan-1-ol,
Z94597856,C7H13N3O2S,203.26,90,n/a,0,0,I35,CN(C)S(=O)(=O)C=1C(C)=NNC1C,,"N,N,3,5-tetramethyl-1H-pyrazole-4-sulfonamide",
Z1741966630,C8H18N2,142.25,100,n/a,0,0,J35,CC(C)(N)CN1CCCC1,,2-methyl-1-(pyrrolidin-1-yl)propan-2-amine,
Z26781943,C12H15N3O,217.27,100,n/a,0,0,K35,CC(C)C(=O)NCC1=NC=2C=CC=CC2N1,,"N-(1H-1,3-benzodiazol-2-ylmethyl)-2-methylpropanamide",
Z1267773591,C10H20N2O,184.28,98,n/a,0,0,L35,C(C1CCOCC1)N2CCNCC2,,1-(oxan-4-ylmethyl)piperazine,
Z458894644,C8H10N2O2,166.18,98,n/a,0,0,M35,CCOC=1C=CC(=CN1)C(=O)N,,6-ethoxypyridine-3-carboxamide,
Z1998104358,C10H18N2O3,214.27,95,n/a,0,0,N35,CN(C)C(=O)N1CCOCC21CCOC2,,"N,N-dimethyl-2,9-dioxa-6-azaspiro[4.5]decane-6-carboxamide",
Z2241127906,C13H19NO,205.30,96,n/a,0,0,O35,OC=1C=CC(CNC2CCCCC2)=CC1,,4-[(cyclohexylamino)methyl]phenol,
Z1787627869,C10H14ClN3O,227.70,91,n/a,0,0,P35,CN(CC1CCOC1)C=2N=CN=CC2Cl,,5-chloro-N-methyl-N-(oxolan-3-ylmethyl)pyrimidin-4-amine,
Z208334100,C14H20N2O2,248.33,100,n/a,0,0,Q35,CC(C)C=1C=CC(NC(=O)N2CCOCC2)=CC1,,N-[4-(propan-2-yl)phenyl]morpholine-4-carboxamide,
Z1271660837,C6H12N4,140.19,95,n/a,0,0,R35,CCNCC1=CN(C)N=N1,,"ethyl[(1-methyl-1H-1,2,3-triazol-4-yl)methyl]amine",
Z2856434925,C7H10ClN3OS,219.69,90,n/a,0,0,S35,ClC=1SN=NC1CN2CCOCC2,,"4-[(5-chloro-1,2,3-thiadiazol-4-yl)methyl]morpholine",
Z1827898537,C11H16N2,176.26,95,n/a,0,0,T35,C(NC1CCNC1)C=2C=CC=CC2,,N-benzylpyrrolidin-3-amine,
Z133622412,C8H15NO4S,221.28,96,n/a,0,0,U35,CS(=O)(=O)NC1(CCCCC1)C(=O)O,,1-methanesulfonamidocyclohexane-1-carboxylic acid,
Z2065616520,C12H19N3,205.31,100,n/a,0,0,V35,CCNC1CCN(CC1)C=2C=CN=CC2,,N-ethyl-1-(pyridin-4-yl)piperidin-4-amine,
Z396380540,C11H17N3O,207.28,91,n/a,0,0,W35,CC1=C(C=NN1C)C(=O)NCC2CCC2,,"N-(cyclobutylmethyl)-1,5-dimethyl-1H-pyrazole-4-carboxamide",
Z1169060901,C7H15NO2,145.20,95,n/a,0,0,X35,CNC1(CO)CCOCC1,,[4-(methylamino)oxan-4-yl]methanol,
Z55009317,C10H14F3N3O,249.24,91,n/a,0,0,Y35,CC(C)(C)NC(=O)CN1C=CC(=N1)C(F)(F)F,,N-tert-butyl-2-[3-(trifluoromethyl)-1H-pyrazol-1-yl]acetamide,
Z1262327459,C10H20N2O,184.28,100,n/a,0,0,Z35,CC(C)C(=O)NCC1CCCNC1,,2-methyl-N-(piperidin-3-ylmethyl)propanamide,
Z2856434875,C13H18N2O2,234.30,99,n/a,0,0,AA36,CC(=O)NC=1C=CC(CN2CCOCC2)=CC1,,N-[4-(morpholin-4-ylmethyl)phenyl]acetamide,
Z55671900,C9H8F2O2,186.16,100,n/a,0,0,F36,CC(=O)C=1C=CC(OC(F)F)=CC1,,1-[4-(difluoromethoxy)phenyl]ethan-1-one,
Z53825479,C6H13NO2S,163.24,95,n/a,0,0,G36,CS(=O)(=O)NC1CCCC1,,N-cyclopentylmethanesulfonamide,
Z2856434888,C7H14ClN3,175.66,,hydrogen chloride,1,36.46,H36,Cl.CCN1C=CC(CNC)=N1,,[(1-ethyl-1H-pyrazol-3-yl)methyl](methyl)amine hydrochloride,
Z1696822287,C12H13N3,199.26,100,n/a,0,0,I36,CC(N)C=1C=CC(=CC1)C=2C=NC=NC2,,1-[4-(pyrimidin-5-yl)phenyl]ethan-1-amine,
Z1545196403,C10H10FN3,191.21,100,n/a,0,0,J36,FC=1C=CC=CC1NCC=2C=CNN2,,2-fluoro-N-(1H-pyrazol-3-ylmethyl)aniline,
Z53860899,C10H13NO4S,243.28,91,n/a,0,0,K36,CCS(=O)(=O)NCC=1C=CC=2OCOC2C1,,"N-(2H-1,3-benzodioxol-5-ylmethyl)ethane-1-sulfonamide",
Z57345491,C12H17ClN2,224.74,,n/a,0,0,L36,CC1CCN(CC1)C=2C=CC(N)=CC2Cl,,3-chloro-4-(4-methylpiperidin-1-yl)aniline,
Z53116498,C11H13N3O,203.25,95,n/a,0,0,M36,CC1=NC=2C=CC=CC2N1CCC(=O)N,,"3-(2-methyl-1H-1,3-benzodiazol-1-yl)propanamide",
Z33297786,C11H15NO2,193.25,100,n/a,0,0,N36,COCC(=O)NCC=1C=CC(C)=CC1,,2-methoxy-N-[(4-methylphenyl)methyl]acetamide,
Z57111868,C10H8F3NO2,231.18,100,n/a,0,0,O36,CC(=O)C=1C=CC=C(NC(=O)C(F)(F)F)C1,,"N-(3-acetylphenyl)-2,2,2-trifluoroacetamide",
Z319545618,C12H11N3,197.24,,n/a,0,0,P36,CC1=NC=CN1CC=2C=CC=C(C#N)C2,,3-[(2-methyl-1H-imidazol-1-yl)methyl]benzonitrile,
Z1741964527,C16H17NO,239.32,95,n/a,0,0,Q36,OC1CN(C1)C(C=2C=CC=CC2)C=3C=CC=CC3,,1-(diphenylmethyl)azetidin-3-ol,
Z31478538,C10H13NO2,179.22,100,n/a,0,0,R36,COCC(=O)NCC=1C=CC=CC1,,N-benzyl-2-methoxyacetamide,
Z30272547,C13H12N2O3,244.25,100,n/a,0,0,S36,CNC(=O)C=1C=CC=CC1NC(=O)C2=CC=CO2,,N-[2-(methylcarbamoyl)phenyl]furan-2-carboxamide,
Z2856434840,C12H16ClN3,237.73,,hydrogen chloride,1,36.46,T36,Cl.CN1CCN(CC1)C=2C=CC(C#N)=CC2,,4-(4-methylpiperazin-1-yl)benzonitrile hydrochloride,
Z1703168683,C8H10FNO2S,203.24,100,n/a,0,0,U36,CC=1C=CC(CS(=O)(=O)N)=CC1F,,(3-fluoro-4-methylphenyl)methanesulfonamide,
Z823455846,C12H16FNO,209.27,95,n/a,0,0,V36,FC=1C=CC=CC1CNC2CCOCC2,,N-[(2-fluorophenyl)methyl]oxan-4-amine,
Z111507846,C14H21N3O,247.34,98,n/a,0,0,W36,O=C(NCCC=1C=CN=CC1)NC2CCCCC2,,1-cyclohexyl-3-[2-(pyridin-4-yl)ethyl]urea,
Z2017168803,C9H13FN2O,184.22,100,n/a,0,0,X36,C[C@@H](CO)N(C)C=1N=CC=CC1F,,(2S)-2-[(3-fluoropyridin-2-yl)(methyl)amino]propan-1-ol,
Z1551999220,C10H12BrNO,242.12,97,n/a,0,0,Y36,CC(CC=1C=CC(Br)=CC1)C(=O)N,,3-(4-bromophenyl)-2-methylpropanamide,
Z31385861,C13H14N2O,214.27,100,n/a,0,0,Z36,CC(C)NC(=O)C=1C=CC=2C=CC=CC2N1,,N-(propan-2-yl)quinoline-2-carboxamide,
Z30612220,C9H8N2O,160.18,100,n/a,0,0,AA37,CC(=O)NC=1C=CC(C#N)=CC1,,N-(4-cyanophenyl)acetamide,
Z32385991,C15H17NO,227.31,100,n/a,0,0,F37,CC(C)CNC(=O)C=1C=CC=2C=CC=CC2C1,,N-(2-methylpropyl)naphthalene-2-carboxamide,
Z2444672448,C9H17Cl3F2N4,325.62,100,hydrogen chloride,3,36.46,G37,Cl.Cl.Cl.FC(F)N1C=CN=C1CN2CCNCC2,,1-{[1-(difluoromethyl)-1H-imidazol-2-yl]methyl}piperazine trihydrochloride,
Z30162334,C16H23NO,245.37,100,n/a,0,0,H37,CC(C)C(=O)N1CCC(CC=2C=CC=CC2)CC1,,1-(4-benzylpiperidin-1-yl)-2-methylpropan-1-one,
Z44586758,C13H10F2N2O,248.23,92,n/a,0,0,I37,FC=1C=CC(NC(=O)NC=2C=CC(F)=CC2)=CC1,,"1,3-bis(4-fluorophenyl)urea",
Z19733979,C15H15NO2,241.29,99,n/a,0,0,J37,CC=1C=CC=CC1OCC(=O)NC=2C=CC=CC2,,2-(2-methylphenoxy)-N-phenylacetamide,
Z166605480,C9H13ClFN,189.66,95,hydrogen chloride,1,36.46,K37,Cl.CNC(C)C=1C=CC(F)=CC1,,[1-(4-fluorophenyl)ethyl](methyl)amine hydrochloride,
Z952656810,C8H12N2O,152.20,100,n/a,0,0,L37,CC(=O)N1CCC(CC1)C#N,,1-acetylpiperidine-4-carbonitrile,
Z57080305,C13H14N2OS,246.33,92,n/a,0,0,M37,CC(=O)NC1=NC=C(CC=2C=CC=C(C)C2)S1,,"N-{5-[(3-methylphenyl)methyl]-1,3-thiazol-2-yl}acetamide",
Z57715447,C13H15N3O,229.28,100,n/a,0,0,N37,C1CCC(CC1)C2=NC(=NO2)C=3C=CN=CC3,,"4-(5-cyclohexyl-1,2,4-oxadiazol-3-yl)pyridine",
Z53825020,C8H15NO4S,221.28,92,n/a,0,0,O37,CCS(=O)(=O)N1CCC(CC1)C(=O)O,,1-(ethanesulfonyl)piperidine-4-carboxylic acid,
Z2856434829,C12H14F2N2O,240.25,96,n/a,0,0,P37,CN1CCN(CC1)C(=O)C=2C=CC(F)=C(F)C2,,"1-(3,4-difluorobenzoyl)-4-methylpiperazine",
Z109092588,C10H11NO3S,225.27,92,n/a,0,0,Q37,COC(=O)C=1SC=CC1NC(=O)C2CC2,,methyl 3-cyclopropaneamidothiophene-2-carboxylate,not completely soluble at 500 mM
Z32016974,C10H19NO,169.27,100,n/a,0,0,R37,CNC(=O)CCC1CCCCC1,,3-cyclohexyl-N-methylpropanamide,
Z212045094,C6H14N2O2S,178.25,92,n/a,0,0,S37,CS(=O)(=O)NC1CCNCC1,,N-(piperidin-4-yl)methanesulfonamide,
Z2856434884,C15H22N2O,246.36,100,n/a,0,0,T37,CC(=O)N1CCN(CCCC=2C=CC=CC2)CC1,,1-[4-(3-phenylpropyl)piperazin-1-yl]ethan-1-one,
Z57446103,C9H11N5O2,221.22,92,n/a,0,0,U37,CCCN1N=NN=C1NC(=O)C2=CC=CO2,,"N-(1-propyl-1H-1,2,3,4-tetrazol-5-yl)furan-2-carboxamide",
Z1310876699,C14H13FN2O,244.27,100,n/a,0,0,V37,FC=1C=CC=CC1C(=O)NCCC=2C=CN=CC2,,2-fluoro-N-[2-(pyridin-4-yl)ethyl]benzamide,
Z58982727,C14H14N2O2,242.28,92,n/a,0,0,W37,NNC(=O)C=1C=CC(OCC=2C=CC=CC2)=CC1,,4-(benzyloxy)benzohydrazide,
Z419884046,C16H23NO,245.37,100,n/a,0,0,X37,CC1CCN(CC1)C(=O)CCCC=2C=CC=CC2,,1-(4-methylpiperidin-1-yl)-4-phenylbutan-1-one,
Z239136710,C6H9N3O,139.16,96,n/a,0,0,Y37,CC(=O)NC1=CC(C)=NN1,,N-(3-methyl-1H-pyrazol-5-yl)acetamide,
Z86416893,C12H13N3OS,247.32,100,n/a,0,0,Z37,CC(C)C=1C=CC(=CC1)C(=O)NC2=NN=CS2,,"4-(propan-2-yl)-N-(1,3,4-thiadiazol-2-yl)benzamide",
Z1429867185,C9H9NO,147.18,98,n/a,0,0,AA38,COC=1C=CC=C2NC=CC12,,4-methoxy-1H-indole,
Z57479285,C13H10N4,222.25,100,n/a,0,0,F38,C1=NN=NN1C=2C=CC(=CC2)C=3C=CC=CC3,,"1-(4-phenylphenyl)-1H-1,2,3,4-tetrazole",
Z453319206,C16H12N2O,248.29,100,n/a,0,0,G38,O=C(NC=1C=CC=2N=CC=CC2C1)C=3C=CC=CC3,,N-(quinolin-6-yl)benzamide,
Z2856434910,C11H12N2O2,204.23,,n/a,0,0,H38,O=C1CN(CC=2C=CC=CC2)CC(=O)N1,,"4-benzylpiperazine-2,6-dione",
Z1270312110,C11H13N3,187.25,95,n/a,0,0,I38,CC1=NNC(C)=C1C=2C=CC=CC2N,,"2-(3,5-dimethyl-1H-pyrazol-4-yl)aniline",
Z32386228,C12H16ClNO2,241.72,100,n/a,0,0,J38,COC=1C=CC(Cl)=CC1C(=O)NCC(C)C,,5-chloro-2-methoxy-N-(2-methylpropyl)benzamide,
Z933326822,C13H13NO,199.25,100,n/a,0,0,K38,NC=1C=CC=C(OCC=2C=CC=CC2)C1,,3-(benzyloxy)aniline,
Z2856434893,C9H19NO,157.26,,n/a,0,0,L38,CC(O)CNC1CCCCC1,,1-(cyclohexylamino)propan-2-ol,
Z57475068,C10H20N4O2,228.30,100,n/a,0,0,M38,CN(C)C(=O)N1CCN(CC1)C(=O)N(C)C,,"1-N,1-N,4-N,4-N-tetramethylpiperazine-1,4-dicarboxamide",
Z1545313172,C12H14N2O3,234.26,100,n/a,0,0,N38,NC(=O)C=1C=CC(NC(=O)[C@@H]2CCCO2)=CC1,,(2S)-N-(4-carbamoylphenyl)oxolane-2-carboxamide,
Z30857828,C10H14N2O3S,242.30,95,n/a,0,0,O38,CC(=O)NCCC=1C=CC(=CC1)S(=O)(=O)N,,N-[2-(4-sulfamoylphenyl)ethyl]acetamide,
Z2856434773,C9H18ClNO2,207.70,,hydrogen chloride,1,36.46,P38,Cl.CCOC(=O)CN1CCCCC1,,ethyl 2-(piperidin-1-yl)acetate hydrochloride,
Z274555794,C13H16N2O3,248.28,100,n/a,0,0,Q38,CC(=O)C=1C=CC=C(NC(=O)N2CCOCC2)C1,,N-(3-acetylphenyl)morpholine-4-carboxamide,
Z17497990,C14H19NO3,249.31,98,n/a,0,0,R38,CC=1C=CC(OCC(=O)N2CCOCC2)=C(C)C1,,"2-(2,4-dimethylphenoxy)-1-(morpholin-4-yl)ethan-1-one",
Z165141116,C10H9N3O2S,235.27,100,n/a,0,0,S38,O=C(NC1=NN=C(S1)C2=CC=CO2)C3CC3,,"N-[5-(furan-2-yl)-1,3,4-thiadiazol-2-yl]cyclopropanecarboxamide",not completely soluble at 500 mM
Z198195770,C9H11N3O2,193.21,,n/a,0,0,T38,CC(=O)NC=1C=CC=C(NC(=O)N)C1,,N-[3-(carbamoylamino)phenyl]acetamide,
Z274555566,C13H16N2O3,248.28,100,n/a,0,0,U38,CC(=O)NC=1C=CC(OC(=O)N2CCCC2)=CC1,,4-acetamidophenyl pyrrolidine-1-carboxylate,
Z29692148,C10H10N2O2S,222.27,91,n/a,0,0,V38,CC1=CC(=NO1)C(=O)NCC2=CC=CS2,,"5-methyl-N-(thiophen-2-ylmethyl)-1,2-oxazole-3-carboxamide",
Z1217960891,C11H12FNO2,209.22,99,n/a,0,0,W38,CN1CCC(OC=2C=CC=C(F)C2)C1=O,,3-(3-fluorophenoxy)-1-methylpyrrolidin-2-one,
Z1713595338,C6H14N2O2S,178.25,,n/a,0,0,X38,CS(=O)(=O)N1CCC[C@@H]1CN,,[(2R)-1-methanesulfonylpyrrolidin-2-yl]methanamine,
Z274554872,C11H14N2O3,222.25,100,n/a,0,0,Y38,OC=1C=CC(NC(=O)N2CCOCC2)=CC1,,N-(4-hydroxyphenyl)morpholine-4-carboxamide,
Z57260539,C10H12N2O3,208.22,95,n/a,0,0,Z38,COCC(=O)NC=1C=CC=CC1C(=O)N,,2-(2-methoxyacetamido)benzamide,
Z1238477790,C9H15NO3,185.22,95,n/a,0,0,AA39,CC(NC(=O)C1CCCC1)C(=O)O,,2-(cyclopentylformamido)propanoic acid,
Z204776284,C11H22N2O,198.31,91,n/a,0,0,F39,CNC(=O)CN(C)C1CCCCCC1,,2-[cycloheptyl(methyl)amino]-N-methylacetamide,
Z1172243962,C10H13FN2O,196.23,95,n/a,0,0,G39,FC=1C=CC(NC2CCOCC2)=NC1,,5-fluoro-N-(oxan-4-yl)pyridin-2-amine,
Z1694504496,C11H20N4,208.31,91,n/a,0,0,H39,CC1CN(C)CCC1NC=2C=NN(C)C2,,"1,3-dimethyl-N-(1-methyl-1H-pyrazol-4-yl)piperidin-4-amine",
Z410633222,C8H12N4O2S,228.27,95,n/a,0,0,I39,CC1=NN=C(NC(=O)N2CCOCC2)S1,,"N-(5-methyl-1,3,4-thiadiazol-2-yl)morpholine-4-carboxamide",not completely soluble at 500 mM
Z31720228,C10H14N2O2S,226.30,95,n/a,0,0,J39,CC1=NC(CC(=O)N2CCOCC2)=CS1,,"2-(2-methyl-1,3-thiazol-4-yl)-1-(morpholin-4-yl)ethan-1-one",
Z422344882,C9H11N3O2S,225.27,100,n/a,0,0,K39,CC=1N=CSC1C(=O)N2CCNC(=O)C2,,"4-(4-methyl-1,3-thiazole-5-carbonyl)piperazin-2-one",
Z1396419547,C8H17NO,143.23,95,n/a,0,0,L39,CC1CCCC1NCCO,,2-[(2-methylcyclopentyl)amino]ethan-1-ol,
Z744754722,C7H6N2S,150.20,95,n/a,0,0,M39,C1=CSC(=C1)C2=NC=CN2,,2-(thiophen-2-yl)-1H-imidazole,not completely soluble at 500 mM
Z416877194,C10H17N3O2,211.27,91,n/a,0,0,N39,CC1=NOC(CN2CCC(CO)CC2)=N1,,"{1-[(3-methyl-1,2,4-oxadiazol-5-yl)methyl]piperidin-4-yl}methanol",
Z2856434916,C14H18N2O2,246.31,100,n/a,0,0,O39,CC(=O)C=1C=CC(NC(=O)CN2CCCC2)=CC1,,N-(4-acetylphenyl)-2-(pyrrolidin-1-yl)acetamide,
Z168883358,C7H14N2O,142.20,96,n/a,0,0,P39,CC(=O)N1CCCNCC1,,"1-(1,4-diazepan-1-yl)ethan-1-one",
Z53115945,C8H16ClNO2,193.68,95,hydrogen chloride,1,36.46,Q39,Cl.OC(=O)CCN1CCCCC1,,3-(piperidin-1-yl)propanoic acid hydrochloride,not completely soluble at 500 mM
Z752989138,C10H16N2O,180.25,95,n/a,0,0,R39,CCN(CCO)C=1C=CC(N)=CC1,,2-[(4-aminophenyl)(ethyl)amino]ethan-1-ol,
Z198195774,C13H12N2O,212.25,98,n/a,0,0,S39,NC(=O)NC=1C=CC(=CC1)C=2C=CC=CC2,,(4-phenylphenyl)urea,
Z1992316287,C8H12N2,136.20,95,n/a,0,0,T39,CCNC=1N=CC=CC1C,,N-ethyl-3-methylpyridin-2-amine,
Z763030030,C6H10N2O3S,190.22,94,n/a,0,0,U39,CNS(=O)(=O)CC=1C=C(C)ON1,,"N-methyl-1-(5-methyl-1,2-oxazol-3-yl)methanesulfonamide",
Z2856434898,C16H20N2,240.35,99,n/a,0,0,V39,C(N1CCC(CC1)N2C=CC=C2)C=3C=CC=CC3,,1-benzyl-4-(1H-pyrrol-1-yl)piperidine,
Z2856434920,C8H15NO4S,221.28,95,n/a,0,0,W39,CCOC(=O)CN1CCS(=O)(=O)CC1,,"ethyl 2-(1,1-dioxo-1??-thiomorpholin-4-yl)acetate",
Z1101755952,C11H16N2OS,224.33,90,n/a,0,0,X39,CC1CCCN(CC1)C(=O)C2=CSC=N2,,"4-methyl-1-(1,3-thiazole-4-carbonyl)azepane",
Z33452106,C10H13NO2,179.22,91,n/a,0,0,Y39,CCC(=O)NC=1C=CC(C)=CC1O,,N-(2-hydroxy-4-methylphenyl)propanamide,
Z2856434871,C12H14F3NO,245.25,95,n/a,0,0,Z39,FC(F)(F)C=1C=CC(CN2CCOCC2)=CC1,,4-{[4-(trifluoromethyl)phenyl]methyl}morpholine,
Z2856434830,C13H25N3O,239.36,95,n/a,0,0,AA40,CCN1CCN(CC1)C(=O)NC2CCCCC2,,N-cyclohexyl-4-ethylpiperazine-1-carboxamide,
Z2643472210,C10H15N3O2,209.25,100,n/a,0,0,F40,CN1C=CC(=N1)C(=O)NC[C@@H]2CCCO2,,1-methyl-N-[(2S)-oxolan-2-ylmethyl]-1H-pyrazole-3-carboxamide,
Z56983806,C13H13N5,239.28,100,n/a,0,0,G40,CC=1C=CC=C(NC=2N=CN=C3N(C)N=CC23)C1,,"1-methyl-N-(3-methylphenyl)-1H-pyrazolo[3,4-d]pyrimidin-4-amine",
Z1262254278,C10H21N3O,199.30,97,n/a,0,0,H40,CC(C)NC(=O)CN1CCCNCC1,,"2-(1,4-diazepan-1-yl)-N-(propan-2-yl)acetamide",
Z1312590981,C7H13NO3,159.19,95,n/a,0,0,I40,NC(=O)C(O)C1CCOCC1,,2-hydroxy-2-(oxan-4-yl)acetamide,
Z29325421,C12H18N2OS,238.35,100,n/a,0,0,J40,CC1=CN=C(NC(=O)CCC2CCCC2)S1,,"3-cyclopentyl-N-(5-methyl-1,3-thiazol-2-yl)propanamide",
Z57101343,C12H11N5,225.25,100,n/a,0,0,K40,CC=1C=CC(NC=2N=CN=C3NN=CC23)=CC1,,"N-(4-methylphenyl)-1H-pyrazolo[3,4-d]pyrimidin-4-amine",
Z106307058,C11H22N2O,198.31,91,n/a,0,0,L40,CC(C)N1CCN(CC1)C(=O)C(C)C,,2-methyl-1-[4-(propan-2-yl)piperazin-1-yl]propan-1-one,
Z57186564,C10H13N3O,191.23,99,n/a,0,0,M40,COC=1C=CC(NC2=NCCN2)=CC1,,"N-(4-methoxyphenyl)-4,5-dihydro-1H-imidazol-2-amine",not completely soluble at 500 mM
Z2856434821,C10H17NOS,199.32,99,n/a,0,0,N40,CC=1C=CSC1CNC(C)(C)CO,,2-methyl-2-{[(3-methylthiophen-2-yl)methyl]amino}propan-1-ol,
Z1230032143,C10H14N2O3S,242.30,98,n/a,0,0,O40,CCOC(=O)C=1SC(=NC1C)N(C)C(=O)C,,"ethyl 4-methyl-2-(N-methylacetamido)-1,3-thiazole-5-carboxylate",
Z135439900,C9H14N2O2,182.22,91,n/a,0,0,P40,CCN(CC)C(=O)C1=CC(C)=NO1,,"N,N-diethyl-3-methyl-1,2-oxazole-5-carboxamide",
Z1401276297,C11H15N3O,205.26,91,n/a,0,0,Q40,C1CC2(CCN(C2)C=3C=NC=CN3)CO1,,7-(pyrazin-2-yl)-2-oxa-7-azaspiro[4.4]nonane,
Z2856434940,C13H19NO,205.30,93,n/a,0,0,R40,COC=1C=CC(CNC2CCCC2)=CC1,,N-[(4-methoxyphenyl)methyl]cyclopentanamine,
Z44609285,C14H13FN2O,244.27,100,n/a,0,0,S40,FC=1C=CC(CNC(=O)NC=2C=CC=CC2)=CC1,,3-[(4-fluorophenyl)methyl]-1-phenylurea,
Z1667545918,C6H8N2OS,156.21,93,n/a,0,0,T40,CC(=O)NCC1=CN=CS1,,"N-(1,3-thiazol-5-ylmethyl)acetamide",
Z319891284,C9H14N2O3S,230.29,97,n/a,0,0,U40,CC1=CC(=NO1)C2CCCN2S(=O)(=O)C,,"3-(1-methanesulfonylpyrrolidin-2-yl)-5-methyl-1,2-oxazole",
Z2856434824,C12H16FNO,209.27,91,n/a,0,0,V40,FC=1C=CC(CNC[C@H]2CCCO2)=CC1,,[(4-fluorophenyl)methyl][(2R)-oxolan-2-ylmethyl]amine,
Z2856434804,C9H16N2O3,200.24,95,n/a,0,0,W40,COC(=O)C1CCN(CC(=O)N)CC1,,methyl 1-(carbamoylmethyl)piperidine-4-carboxylate,
Z28870646,C12H15NO,189.26,100,n/a,0,0,X40,CC1CCC=2C=CC=CC2N1C(=O)C,,"1-(2-methyl-1,2,3,4-tetrahydroquinolin-1-yl)ethan-1-one",
Z1622626423,C7H10ClF3N4O,258.63,100,hydrogen chloride,1,36.46,Y40,Cl.CC(N)C(=O)NC1=CC(=NN1)C(F)(F)F,,2-amino-N-[3-(trifluoromethyl)-1H-pyrazol-5-yl]propanamide hydrochloride,
Z32968340,C11H15N3O,205.26,95,n/a,0,0,Z40,CC1CCCCN1C(=O)C=2C=NC=CN2,,2-(2-methylpiperidine-1-carbonyl)pyrazine,
Z1650868495,C12H17N3O,219.29,100,n/a,0,0,F41,CC=1C=CC(=CC1)N2CCN(CC2)C(=O)N,,4-(4-methylphenyl)piperazine-1-carboxamide,
Z223688272,C10H11NO3,193.20,100,n/a,0,0,G41,CN(C(=O)C)C=1C=CC=CC1C(=O)O,,2-(N-methylacetamido)benzoic acid,
Z240654968,C9H11ClN2O,198.65,100,n/a,0,0,H41,CCCC(=O)NC=1C=CC=NC1Cl,,N-(2-chloropyridin-3-yl)butanamide,
Z90713255,C12H12N2OS,232.31,100,n/a,0,0,I41,CC=1C=CC(CC(=O)NC2=NC=CS2)=CC1,,"2-(4-methylphenyl)-N-(1,3-thiazol-2-yl)acetamide",
Z69118333,C15H15NO2,241.29,100,n/a,0,0,J41,OC=1C=CC(NC(=O)CCC=2C=CC=CC2)=CC1,,N-(4-hydroxyphenyl)-3-phenylpropanamide,
Z133632670,C7H13NO4S,207.25,95,n/a,0,0,K41,CS(=O)(=O)N1CCCC(C1)C(=O)O,,1-methanesulfonylpiperidine-3-carboxylic acid,
Z645232558,C10H15N3O,193.25,100,n/a,0,0,L41,OCC1CCN(CC1)C=2N=CC=CN2,,[1-(pyrimidin-2-yl)piperidin-4-yl]methanol,
Z91797745,C13H11N3O2,241.25,92,n/a,0,0,M41,NC(=O)C=1C=CC=CC1NC(=O)C=2C=CN=CC2,,N-(2-carbamoylphenyl)pyridine-4-carboxamide,not completely soluble at 500 mM
Z32665176,C15H17NO2,243.31,100,n/a,0,0,N41,CC1CCN(CC1)C(=O)C2=CC=3C=CC=CC3O2,,1-(1-benzofuran-2-carbonyl)-4-methylpiperidine,
Z235361235,C11H15NO2,193.25,100,n/a,0,0,O41,OCC=1C=CC=CC1N2CCOCC2,,[2-(morpholin-4-yl)phenyl]methanol,
Z2856434826,C12H18N2OS,238.35,100,n/a,0,0,P41,CC(C)N1CCN(CC1)C(=O)C2=CC=CS2,,1-(propan-2-yl)-4-(thiophene-2-carbonyl)piperazine,
Z57257264,C14H17N,199.30,100,n/a,0,0,Q41,C(C#CC=1C=CC=CC1)N2CCCCC2,,1-(3-phenylprop-2-yn-1-yl)piperidine,not completely soluble at 500 mM
Z32327641,C13H16N2O3,248.28,100,n/a,0,0,R41,O=C(C1CC1)N2CCN(CC2)C(=O)C3=CC=CO3,,1-cyclopropanecarbonyl-4-(furan-2-carbonyl)piperazine,
Z235361315,C10H14N2O,178.24,98,n/a,0,0,S41,CCC(=O)NC=1C=CC=C(N)C1C,,N-(3-amino-2-methylphenyl)propanamide,
Z68277692,C15H16N2O,240.31,100,n/a,0,0,T41,CN(CCC=1C=CC=CN1)C(=O)C=2C=CC=CC2,,N-methyl-N-[2-(pyridin-2-yl)ethyl]benzamide,
Z19731563,C13H14N2O3,246.27,100,n/a,0,0,U41,CC1=CC(NC(=O)COC=2C=CC(C)=CC2)=NO1,,"N-(5-methyl-1,2-oxazol-3-yl)-2-(4-methylphenoxy)acetamide",
Z2856434834,C14H20N2O2,248.33,97,n/a,0,0,V41,CC=1C=CC=C(NC(=O)CN2CCOCC2)C1C,,"N-(2,3-dimethylphenyl)-2-(morpholin-4-yl)acetamide",
Z57282999,C8H11N3O3,197.20,100,n/a,0,0,W41,O=C1NC=C(N2CCOCC2)C(=O)N1,,"5-(morpholin-4-yl)-1,2,3,4-tetrahydropyrimidine-2,4-dione",not completely soluble at 500 mM
Z31480458,C15H21NO2,247.34,100,n/a,0,0,X41,CC(C)COC=1C=CC(=CC1)C(=O)N2CCCC2,,1-[4-(2-methylpropoxy)benzoyl]pyrrolidine,
Z27797417,C13H13NO2S,247.32,91,n/a,0,0,Y41,COC=1C=CC=CC1NC(=O)C2=CC=C(C)S2,,N-(2-methoxyphenyl)-5-methylthiophene-2-carboxamide,